"id","name","adresse","code_postal","national_law","ice","identifiant_fiscal","cnss","rc","tp","activity","fiscal_year","create_date","share_capital","nominal_value","statut","terminate_date","liquidation_date","file","city","country_id","currency_id","legal_form_id","nationality_id","file_if","file_rc"
"015ec6d4-30fb-429f-bb97-d8db447530a1","ITBPO","CASANEARSHORE PARK SHORE 3 PLATEAU 102 BD EL QUDS SIDI MAAROF","0",True,"000089621000092","15172240","4077683","305167","36395175","INFORMATIQUE",1,"2014-05-29","10000","100",1,NULL,NULL,"files/customers/logo/itbpo.jpg","CASABLANCA","212","MAD",6,"212",NULL,NULL
"01751e69-acb2-4b14-9647-1059ac121eb9","FLS MAROC","IMM CALIFORNIA GARDEN BATIMENT A 1ER ATAGE LOTISSEMENT LA COLLINE SIDI MAAROUF ","0",True,"000163312000002","14486168","9933301","297939","","",1,"2013-01-01","0","100",1,NULL,NULL,"files/customers/logo/fls_maroc.jpg","CASABLANCA","212","MAD",6,"212",NULL,NULL
"01ee2d04-0e62-40f4-ae5c-34346a33c6b4","ENZYME-IT","RUE SOUMAYA RES SHEHRAZADE 3 5EME ETG N°22","0",True,"001696284000046","18817040","5158713","358805","34794389","PROGRAMMEUR, ANALYSTE, CONCEPTEUR EN INFORMATIQUE",1,"2016-08-29","10000","100",1,NULL,NULL,"files/customers/logo/enzyme-it.jpg","CASABLANCA","212","MAD",6,"212",NULL,NULL
"030f76df-ac7b-420b-83d0-ee6f623c075e","NEARSHORE CONTACT PARTNERS","LOT AL AFAK LOT 441 1ER ETAGE BUREAU N2","0",True,"002143569000045","26156992","1306503","412959 ","","CENTRE D APPELS TELEPHONIQUES( CALL CENTER) (EXPLOITANT).",1,"2018-09-27","100000","100",1,NULL,NULL,"files/customers/logo/ncp.jpg","CASABLANCA","212","MAD",5,"212",NULL,NULL
"0426f7c5-f922-4e66-8440-4c85e49724e9","DOCTINOV","119 BD ABDELMOUMEN N 15 ETG 2","0",True,"002700415000009","48527511","2404261","486365","36341104","IMPORTATION ET EXPORTATION (MARCHAND OU INTERMEDIAIRE EFFECTUANT)",1,"2021-01-20","50000","100",1,NULL,NULL,"files/customers/logo/doctinov.jpg","CASABLANCA","212","MAD",5,"212",NULL,NULL
"051572de-8ace-49bf-bddb-8deaf1543655","NEW DIMENSION OF AFRICA","119 BD ABDELMOUMEN ETAGE 3 APT  N 20","0",True,"002364801000041","39444623","0","450971","36340315","INFORMATIQUE (PROGRAMMEUR, ANALYSTE, CONCEPTEUR EN).",1,"2019-12-16","100000","100",0,NULL,NULL,"files/customers/logo/new_dimension_of_africa.jpg","CASABLANCA","212","MAD",5,"212",NULL,NULL
"05e55531-0fea-4afa-9219-9610c962834f","TENCALL","RUE SOUMAYA RES SHEHRAZADE 3 5EME ETG N°22","0",True,"002002490000085","24928281","5792701","389229","34776158","CENTRE D APPEL, BPO, IMPORTATION ET EXPORTATION",11,"2017-11-13","10000","100",1,NULL,NULL,"files/customers/logo/tencall.jpg","CASABLANCA","212","MAD",6,"212",NULL,NULL
"06149e4f-8914-491e-a4d0-daf01b065208","MIS SANTE SUCCURSAL","N°35 LOTISSEMENT ZAHRE 01 SIDI MAAROUF","0",True,"001950562000006","25017072","0","392945","37998279","Ingénieur Conseil",9,"2017-04-10","0","0",0,NULL,NULL,"files/customers/logo/mis_sante_succursal.jpg","CASABLANCA","212","MAD",8,"212",NULL,NULL
"06ebdcf8-81e6-40b3-b424-1e11ced83a3e","BETIMA CONSULTING","119 BD ABDELMOUMEN ETAGE 3 APT  N 20","0",True,"002387832000071","39454209","0","440344","36300394","CONSEIL DE GESTION",1,"2019-12-17","0","0",1,NULL,NULL,"files/customers/logo/betima_consulting.jpg","CASABLANCA","212","MAD",3,"212",NULL,NULL
"0837803d-8f52-47e2-b61c-9ed288827102","SOFTCOMPLIANCE","119 BD ABDELMOUMEN ETAGE 3 APT  N 20","0",True,"002375445000064","39453451","0","451697","36340343","INFORMATIQUE (PROGRAMMEUR, ANALYSTE, CONCEPTEUR EN).",1,"2019-12-19","100000","100",1,NULL,NULL,"files/customers/logo/softcompliance.jpg","CASABLANCA","212","MAD",6,"212",NULL,NULL
"09f94415-f0df-4b27-9fa4-7dfe404582cb","PASTINUM","7,lotissement Ghita, Rdc, Avenue « N » Californie - ","0",True,"001914830000008","20791921","5536927","379057","","a fabrication, l achat, la vente, le négoce ainsi que l importation et l exportation des matières plastiques - la découpe et la transformation de toute matière ",1,"2017-06-15","0","100",0,NULL,NULL,"files/customers/logo/pastinum.jpg","CASABLANCA","212","MAD",5,"212",NULL,NULL
"0b5fa02a-9cff-409a-bb41-bccc236ce003","DISCRET CONCEPT","119 BD ABDELMOUMEN N 15 ETG 2","",True,"002851479000034","50322572","","507313","36341619","MATERIAUX DE CONSTRUCTION",1,"2021-06-03","100000","100",1,NULL,NULL,"files/customers/logo/.jpg","CASABLANCA","212","MAD",6,"212",NULL,NULL
"0da587cb-a530-4763-89e3-aa5a9cf5904c","SOCIETE DE FOURNITURE D INGENIERIE ET D INTEGRATION  - SF2I SARL","RUE SOUMAYA RESIDENCE SHEHRAZADE3 SEME ETAGE N°22 PALMIERS","0",True,"002049925000031","25087271","5878238","397729","34795229","NEGOCIANT",1,"2018-03-06","1100000","100",1,NULL,NULL,"files/customers/logo/sf2i.jpg","CASABLANCA","212","MAD",5,"212",NULL,NULL
"0f7e6e09-6ad7-40a4-9c91-3d0f931d6395","ONE WAY STEAKHOUSE AND SALOON","281 LOT FLORIDA SIDI MAAROUF","0",True,"002010505000087","25091955","5885283","398815","36100435","Rastauration",1,"2018-03-06","100000","100",0,NULL,NULL,"files/customers/logo/one_way.jpg","CASABLANCA","212","MAD",5,"212",NULL,NULL
"0fcaf721-0cea-445d-9c13-d17a1dd7f890","RESTAURANT LA VERANDA LOUNGE","BD LA CORNICHE","0",True,"001571464000018","15178934","4445533","296627","0","0",1,"2013-01-01","1300000","100",1,NULL,NULL,"files/customers/logo/restaurant_la_veranda_lounge.jpg","CASABLANCA","212","MAD",5,"212",NULL,NULL
"196523f1-a095-4322-b944-417df4747033","EOLIA SOFTWARE MAROC","RUE SOUMAYA RESIDENCE SHEHRAZADE3 SEME ETAGE N°22 PALMIERS","0",True,"002065528000021","25212512","5885043","399907","34776381","Développement et commercialisation de logiciel ITO",1,"2018-03-26","100000","100",1,NULL,NULL,"files/customers/logo/eolia_software_maroc.jpg","CASABLANCA","212","MAD",6,"212",NULL,NULL
"1b110c43-7b85-47a0-90b3-2aa4f563c0cf","HYPOLITE CONSULTING","RUE SOUMAYA RES SHEHRAZAD 3, 5ÈME ÉTAGE N°22 PALMIERS ","0",True,"000122534000058","15265487","0","329701","34773671","ENTREPRISE SE LIVRANT POUR SON COMPTE AU PLACEMENT OU A LA GESTION DE VALEUR MOBILIERE A DES OPERATIONS SUR LES VALEURS  OU AU CONTRÔLE DES SOCIETES",1,"2015-06-08","10000","100",0,NULL,NULL,"files/customers/logo/hypolite_consulting.jpg","CASABLANCA","212","MAD",6,"212",NULL,NULL
"1b926206-ba7f-4ee7-a2f9-062b00811d24","IT CLOUD","RUE SOUMAYA RES SHEHRAZAD 3, 5ÈME ÉTAGE N°22 PALMIERS ","0",True,"001925828000076","20781135","5531571","376735","34775137","VENTE DE PROGRAMME",1,"2017-05-10","100000","100",1,NULL,NULL,"files/customers/logo/it_cloud.jpg","CASABLANCA","212","MAD",6,"212",NULL,NULL
"1b950313-381c-4c34-8454-31eafb78c888","TOKYO CONSULTING FIRM","RUE SOUMAYA RESIDENCE SHEHRAZADE3 5E ETAGE, N° 22 PALMIERS ","0",True,"000006094000071","14412784","9488653","276761","34792861","ENTREPRENEUR DE TRAVAUX DE COMPTABILITE,CONSEIL DE GESTION",1,"2013-01-01","100000","100",1,NULL,NULL,"files/customers/logo/tokyo_consulting_firm.jpg","CASABLANCA","212","MAD",6,"212",NULL,NULL
"1c04bf11-574d-4352-ac69-8a9cbe4685e8","SAMAC","IMM SGMB AV MED 6 KM 3.5 EX AV IMAM MALEK SOUISSI RABAT","0",True,"001435665000088","3379332","8269202","78319","25983400","ENTREPRENEUR DE SERVICES D INFORMATION COMMERCIALES",1,"2009-12-04","0","300",1,NULL,NULL,"files/customers/logo/samac.jpg","RAPAT","212","MAD",4,"212",NULL,NULL
"1c3983a1-3b31-4640-ba07-7b710e998694","CLEVERDATA","4 LT RESIDENCE BADR ETG 2 APPT 8 GH 15 20610 SIDI BERNOUSSI","0",True,"000209164000009","14459547","0","290227","31691945","GENIE INFORMATIQUE",1,"2013-10-14","10000","100",0,NULL,NULL,"files/customers/logo/cleverdata.jpg","CASABLANCA","212","MAD",6,"212",NULL,NULL
"1d6491f7-fe8c-4738-a1d2-704cc75d2e93","EURODEFI MANAGEWELL","77, Boulevard Al QODS Sidi Maârouf","20520",True,"001535311000038","1108492","7766697","180795","37983135","EXPERT COMPTABLE",1,"2002-01-01","60000","100",3,NULL,NULL,"files/customers/logo/Eurodefi-Managewell_V1-1024x319.png","Casablanca","212","MAD",5,"212","",""
"1de1a6ca-68e7-497c-924a-61830547014b","PROSHORE PP FALOUKI","26 AV MERS SULTAN APT 3 ETG 1 ","0",True,"002039564000030","25041247","0","431108","34100035","Conseil de gestion",1,"2018-02-05","0","0",1,NULL,NULL,"files/customers/logo/proshore_pp_falouki.jpg","Casablanca","212","MAD",3,"212",NULL,NULL
"1e077bc4-fcb6-445b-81e7-84ddd4f208be","GOCRAFT-ABOUSSOROR PP","RUE SOUMAYA RES SHEHRAZAD 3, 5ÈME ÉTAGE N°22 PALMIERS ","0",True,"001806669000073","18794076","0","423552","34740580","SEVICES INFORMATIQUES, EXPORT, FORMATIONS",1,"2016-03-16","0","100",0,NULL,NULL,"files/customers/logo/gocraft-aboussoror_pp.jpg","CASABLANCA","212","MAD",3,"212",NULL,NULL
"1e255dc3-c5bc-48cd-b4d3-96f110d81844","MG CONTRACTOR","RUE SOUMAYA RESIDENCE SHEHRAZADE 3, SEME ETAGE, N° 22 PALMIERS","0",True,"002257829000013","34453252","1490994","430297","34777019","TRAVAUX  DIVERS OU CONSTRUCTIONS (ENTREPRENEUR DE).",1,"2019-04-01","100000","100",0,NULL,NULL,"files/customers/logo/mg_contractor.jpg","CASABLANCA","212","MAD",6,"212",NULL,NULL
"1f58d592-a41e-4123-8d83-d94398925ecf","DATALP AFRIQUE","PLATEAU 12 4E ETAGE LOT BAB EL KHEIR N°9 SONE 1 SECTEUR 12 LISSASFA","0",True,"001922299000008","24981645","5885308","393087","36200253","Centre appel, developpement informatique",1,"2017-09-19","10000","100",0,NULL,NULL,"files/customers/logo/datalp_afrique.jpg","CASABLANCA","212","MAD",5,"212",NULL,NULL
"209c5ae7-5bd9-47cd-973b-1d0303627d09","ACROW MOROCCO","211, RESIDENCE FAHD BD ZERKTOUNI ETG 4 APPT N°8","0",True,"000189706000023","14448638","9629918","286363","35775387","ENTREPRENEUR DE TRAVAUX DIVERS OU CONSTRUCTION",1,"2013-08-01","12500000","100",1,NULL,NULL,"files/customers/logo/acrow_morocco.jpg","CASABLANCA","212","MAD",6,"212","",""
"212e3210-ad47-4f36-9b8e-4650edc6ea56","HYDRAUMET INGENIEURS ET CONSEILS","RUE SOUMAYA RESIDENCE SHEHRAZADE 3, SEME ETAGE, N° 22 PALMIERS","0",True,"002249536000048","34434659","1490982","429369","34777001","INGENIEUR CONSEIL",1,"2019-03-20","200000","100",1,NULL,NULL,"files/customers/logo/hydraumet.jpg","CASABLANCA","212","MAD",5,"212",NULL,NULL
"22555e64-7835-4b6e-8ff3-0a5e215ca81a","CLUB FK","AV HASSAN II MAG N2 RDC","0",True,"002186386000032","31871776","1190239","419347","45105995","RESTAURANT HOTEL NIGNT CLUB",7,"2018-12-12","100000","100",1,NULL,NULL,"files/customers/logo/club_fk.jpg","MARRAKECH","212","MAD",6,"212",NULL,NULL
"23ca3acc-e0ee-442a-abee-f29de387301d","HUMANIA BPO MOROCCO","7 BD MOHAMED V 20800","0",True,"001958905000076","24813329","5573763","20207","39577373","EXPLOITANT CENTRE D APPEL",1,"2017-07-12","100000","100",1,NULL,NULL,"files/customers/logo/humania_bpo.jpg","MOHAMMEDIA","212","MAD",6,"212",NULL,NULL
"25698e43-80b3-4ca1-bdab-d73a6d0532a0","NEW WORK LAB","201 Boulevard Anfa Etage 1 N°5 Maarif Casablanca","0",True,"000207764000076","14393069","9340019","271719","35547121","",1,"2013-07-01","50000","100",1,NULL,NULL,"files/customers/logo/new_work_lab.jpg","CASABLANCA","212","MAD",6,"212",NULL,NULL
"273c9bd8-a5e7-4d56-b322-31464e1e0bbe","SLIMANI SIDI MOHAMED KAMEZI CONSULTING","119 BD ABDELMOUMEN ETAGE 3 APT  N 20","0",True,"002380530000024","34510541","0","439162","34701157","EXPORTATION DE SERVICES DEVELOPPEMENT INFORMATIQUE CONSEIL",1,"2019-10-01","0","0",1,NULL,NULL,"files/customers/logo/kamezi_consulting.jpg","CASABLANCA","212","MAD",3,"212",NULL,NULL
"278a8321-1b25-4812-af20-1ffb59c9847a","ARCELOR INTERNATIONAL AFRICA","NEARSHORE PARK SHORE 14 RDC PLATEAU 002","0",True,"001333500000057","1032550","6232467","294461","39620920","IMPORT ET EXPORT",1,"2003-01-01","3540000","300",1,NULL,NULL,"files/customers/logo/arcelor.jpg","CASABLANCA","212","MAD",4,"212","",""
"2c1f90c0-da80-4f33-b267-e9d252a97f78","RUBISMED","119, BD ABDELMOUMEN ETG3 PORTE N°20","0",True,"002359220000087","39397358","1768727","449377","36340232","CONSEIL DE GESTION",10,"2019-11-20","10000","100",1,NULL,NULL,"files/customers/logo/rubismed.jpg","CASABLANCA","212","MAD",6,"212",NULL,NULL
"2d74a4b6-6ced-44ad-915f-a4078c35f94b","ALSIMI CONSEIL","27 BD ZERKTOUNI 1ER ETG","0",True,"001966243000024","3316470","6514849","146941","36330973","CONSEIL,IMPORT EXPORT, NEGOCE",1,"2006-01-10","100000","100",1,NULL,NULL,"files/customers/logo/alsimi_conseil.jpg","CASABLANCA","212","MAD",5,"212",NULL,NULL
"2fb55d23-7707-4de1-b9d4-8d74dadae78e","HUMARTPROD","RUE SOUMAYA RESIDENCE SHEHRAZADE3 SEME ETAGE N°22 PALMIERS","0",True,"002036571000040","25055881","0","395985","34776319","Organisation et production de spéctacles",1,"2018-02-14","10000","100",0,NULL,NULL,"files/customers/logo/humartprod.jpg","CASABLANCA","212","MAD",6,"212",NULL,NULL
"3108ff21-7356-43a3-b078-08314d9ea117","OPUSLINK","119, BOULEVARD ABDELMOUMEN BUREAU 18 ","0",True,"000217402000004","15190235","4186624","310183","36336951","EXPLOITANT CENTRES D APPELS",1,"2014-01-01","50000","100",0,NULL,NULL,"files/customers/logo/opuslink.jpg","CASABLANCA","212","MAD",6,"212",NULL,NULL
"31d21b9e-c879-4da6-8e25-d22417adc15c","EMITECH ENGINEERING AFRICA","119 BD ABDELMOUMEN N 15 ETG 2","20520",True,"002872409000073","50360005","2680695","509713","36341704","INGENIEUR CONSEIL",1,"2021-06-26","100000","100",1,NULL,NULL,"files/customers/logo/logo_EEA.png","CASABLANCA","212","MAD",6,"212","",""
"323eed0a-5c1e-4bc7-b5d4-f87a8485a940","SLIMANI SIDI KHALIL","37 ZONE INDUSTRIELLE ATTASNII TEMARRA","0",True,"002676404000055","34170140","0","","28205119","ETABLISSEMENT COMMERCIAL ET INDUSTRIEL (LOUEUR D )",1,"2018-06-18","0","0",1,NULL,NULL,"files/customers/logo/slimani_sidi_khalil.jpg","TEMARA","212","MAD",3,"212",NULL,NULL
"35ca9696-6054-438c-b851-f6376e3fb40e","ENERGYLOW","RUE SOUMAYA RESIDENCE SHEHRAZADE 3 ETAGE 5 N 22 ","0",True,"002282504000081","37544502","0","435645","34777096","CENTRE D APPELS TELEPHONIQUES( CALL CENTER) (EXPLOITANT).",1,"2019-05-30","50000","100",0,NULL,NULL,"files/customers/logo/energylow.jpg","CASABLANCA","212","MAD",5,"212",NULL,NULL
"36422293-4e63-4a64-8bb7-61d3fdefa125","LE BOUDOIR DE NOUACEUR","LOT AL HAMD N° 193 NOUACEUR 20100","0",True,"001961115000061","24836134","5623344","383763","32090176","SALON SPA COIFFURE ETHETIQUE",1,"2017-08-28","0","100",0,NULL,NULL,"files/customers/logo/le_boudoir_de_nouaceur.jpg","CASABLANCA","212","MAD",6,"212",NULL,NULL
"36fecae1-c77d-4629-bc5c-8c12392646f1","DENWA CALL","CASANEARSHORE PARK SHORE 18-PLATEAU 203 ","0",True,"001644178000020","14452749","9693575","287955","34793096","EXPLOITANT CENTRES D APPELS",1,"2013-01-01","100000","100",1,NULL,NULL,"files/customers/logo/denwa_call.jpg","CASABLANCA","212","MAD",6,"212",NULL,NULL
"381a49e0-d687-4a77-87be-06df068ed179","EAGLESOFT","42 BD ABDELMOUMEN ETAGE 2 APT 13","0",True,"002377998000003","39427105","0","440120","34701243","CONSEIL DE GESTION",1,"2019-12-02","0","0",1,NULL,NULL,"files/customers/logo/eaglesoft.jpg","CASABLANCA","212","MAD",3,"212",NULL,NULL
"3925a265-2b2c-4792-bc03-940a25380ac0","PHOSPHORIS","NEARSHORE PARK SHORE 2B PLATEAU 004 ","0",True,"001643944000033","15213229","4316205","316569","36167271","INGENIEUR-CONSEIL ",12,"2014-12-01","0","100",0,NULL,NULL,"files/customers/logo/phosphoris.jpg","CASABLANCA","212","MAD",6,"212",NULL,NULL
"3aef490c-eafd-4fd4-9752-310222c77cb0","EOSIT","119 BD ABDELMOUMEN ETAGE 3 APT  N 20","0",True,"002648168000007","47271702","0","479473","36340909","INFORMATIQUE (PROGRAMMEUR, ANALYSTE, CONCEPTEUR EN).",10,"2020-11-04","50000","100",1,NULL,NULL,"files/customers/logo/eosit.jpg","CASABLANCA","212","MAD",5,"212",NULL,NULL
"3cfc09ce-c8bf-42cf-8d5f-517617cdbad8","BLACK LEMON","RUE SOUMAYA RESIDENCE SHEHRAZADE 3 5 EME ETAGE PALMIERS N°22 ","0",True,"001742601000011","18816151","4985167","357669","34774657","CONSEIL DE GESTION",1,"2016-08-10","10000","100",1,NULL,NULL,"files/customers/logo/black_lemon.jpg","CASABLANCA","212","MAD",6,"212",NULL,NULL
"3e6bda08-d7e6-4e3f-82c1-3a38d5fd4807","BEIN FOR GENERAL TRADE AND DISTRIBUTION","ESPACE PORT ANFA 3 RUE BAB MANSOUR IMM C BUR 3","0",True,"000310220000010","18807993","4969278","356333","35697270","Exploitant de réseau de télévision",1,"2016-07-29","0","300",0,NULL,NULL,"files/customers/logo/bein.jpg","CASABLANCA","212","MAD",4,"212",NULL,NULL
"3edf2e12-889b-456b-ac17-0f96c05445a0","CAPZ","RUE SOUMAYA RESIDENCE SHEHRAZADE 3 ETAGE 5 N 22 ","0",True,"002234795000064","37561417","0","436603","34777122","SPECTACLES FESTIVALS ARTISTIQUES",1,"2019-07-12","50000","100",1,NULL,NULL,"files/customers/logo/capz.jpg","CASABLANCA","212","MAD",6,"212",NULL,NULL
"3f141265-6c24-4ce7-a082-714be975e355","EUROMED F.L.G  SARL","119 BD MOUKAWAMA","0",True,"000255700000075","3342845","0","272493","35774973","TRANSPORT DE MARCHANDISES PAR AUTOMOBILES DONT LE TONNAGE AGREE EST EGAL OU SUPERIEUR A 15 TONNES (ENTREPRENEUR DE) -TRANSPORT COMMUNAL-",1,"2011-01-01","1000000","0",1,NULL,NULL,"files/customers/logo/euromed_f.l.g__sarl.jpg","CASABLANCA","212","MAD",5,"212",NULL,NULL
"406b3526-a7ef-4415-8c13-9e1bef1b47ef","EOL CENTER","RUE SOUMAYA RESIDENCE SHEHRAZADE 3, SEME ETAGE, N° 22 PALMIERS","0",True,"001612312000012","15233857","0","320927","34771217","CENTRE D APPEL",1,"2015-03-02","0","100",0,NULL,NULL,"files/customers/logo/eol_center.jpg","CASABLANCA","212","MAD",6,"212",NULL,NULL
"40d9a9d3-7edd-453b-9515-9750e2fa4d37","ETRE ASSURE","RUE SOUMAYA RES SHEHRAZADE 3 5EME ETG N°22","0",True,"001899705000013","20761203","5448346","373611","34794708","COURTIER  EN TOUTE OPERATION",1,"2017-03-01","0","0",1,NULL,NULL,"files/customers/logo/etre_assure.jpg","CASABLANCA","212","MAD",8,"212",NULL,NULL
"42a3efc3-1149-4f11-b0f4-a57faa281986","L’AGENCE DES MUTUELLES DE FRANCE MAROC","119 BD ABDELMOUMEN N 15 ETG 2","0",True,"002680832000003","48546843","2428069","487919","34702247","BUREAU D ETUDES D ENQUETES ET DE RECHERCHES (TENANT UN)",1,"2021-01-28","0","0",1,NULL,NULL,"files/customers/logo/agence_des_mutuelles_de_france_maroc.jpg","CASABLANCA","212","MAD",8,"212",NULL,NULL
"47033205-cde4-4498-a742-4db081adceb5","UTOPIA IMAGE","7 Boulevard Mohamed V  20800","0",True,"001522276000067","18734954","4822260","342057","39575188","MARCHAND EFFECTUANT IMPORT EXPORT",1,"2016-02-14","100000","100",1,NULL,NULL,"files/customers/logo/utopia_image.jpg","MOHAMMEDIA","212","MAD",6,"212",NULL,NULL
"48106a85-8eb4-459f-ac4d-2f3fc481ffd2","MACOLINE","2 RUE SLOMON DHANE QUT INDUSTRIEL AIN SEBAA ","0",True,"000056031000072","40254277","8666044","231337","","NEGOCIANT",1,"2011-02-02","100000","100",1,NULL,NULL,"files/customers/logo/macoline.jpg","CASABLANCA","212","MAD",5,"212",NULL,NULL
"482d534d-11e8-462c-8f6b-1e9d5989d4be","JRP MAROC","PARC INDUSTRIEL DE SAPINO LOT N°05","0",True,"000194654000093","40100805","8319388","198765","37929817","ENTREPRENEUR DE TRAVAUX DIVERS",1,"2009-04-01","350000","100",1,NULL,NULL,"files/customers/logo/jrp.jpg","CASABLANCA","212","MAD",5,"212",NULL,NULL
"4874ef8d-f2a7-4a49-baee-d27a562c902f","MAOBAG","159, BD LA RESISTANCE ETG 3 N°B20/1","0",True,"001941117000008","20789416","5536935","379055","33490474","CAISSES D EMBALLAGE (MARCHAND DE",1,"2017-06-05","0","100",0,NULL,NULL,"files/customers/logo/maobag.jpg","CASABLANCA","212","MAD",6,"212",NULL,NULL
"49e7370c-46fe-45da-beac-0df80cc88ffa","EFFICIENCE TECHNOLOGIES       ","RUE SOUMAYA RES SHEHRAZADE 3 5EME ETG N°22","0",True,"001829956000078","20712559","5265980","364681","34774821","ITO BPO CENTRE D APPELS",11,"2017-11-01","0","100",0,NULL,NULL,"files/customers/logo/efficience_technologies      _.jpg","CASABLANCA","212","MAD",6,"212",NULL,NULL
"4a83a0ce-99b5-41af-b2d0-c33b734936df","QUALITY PROD PP FADI","RUE SOUMAYA RES SHEHRAZAD 3, 5ÈME ÉTAGE N°22 PALMIERS ","0",True,"001806678000024","18778646","0","423084","34740080","EXPORT DE SERVICES, CONSEIL DE GESTION",1,"2016-05-01","0","0",0,NULL,NULL,"files/customers/logo/quality_prod_pp_fadi.jpg","CASABLANCA","212","MAD",3,"212",NULL,NULL
"4c9937a1-27d8-4c27-9704-7aec665c4270","SMART EDUCATORS PRIVE","119 BD ABDELMOUMEN ETG3 N 22 ","0",True,"002324255000041","37698446","1704254","443975","36340136","MAITRE DE PENSION  OU CHEF D’INSTITUTION",1,"2019-09-25","0","100",0,NULL,NULL,"files/customers/logo/smart_educators_prive.jpg","CASABLANCA","212","MAD",5,"212",NULL,NULL
"4dcde799-ba3d-4a6f-a849-3a80edfe3882","IDSWITCH","RUE SOUMAYA RES SHEHRAZADE 3 ETG 5 N° 22 PALMIERS ","0",True,"000209534000010","14475131","9863730","294743","34793257","MARCHAND EFFECTUANT IMPORT EXPORT, NEGOCIANT",1,"2014-01-01","10000","100",0,NULL,NULL,"files/customers/logo/idswitch.jpg","CASABLANCA","212","MAD",6,"212",NULL,NULL
"4f568154-ca45-4e54-8dd9-e0701c81b35c","LEBONCALL","119 BD ABDELMOUMEN ETAGE 3 APT  N 20","0",True,"002370915000057","39424297","1768715","450229","36340277","IMPORTATION ET EXPORTATION (MARCHAND OU INTERMEDIAIRE EFFECTUANT) .",1,"2019-12-05","10000","100",1,NULL,NULL,"files/customers/logo/leboncall.jpg","CASABLANCA","212","MAD",6,"212",NULL,NULL
"513170f7-51e4-4389-bc2f-c2a4dd7161a1","CAMINEARSHORE PP","N22 RUE SOUMA YA RES SHEHRAZADE 3","0",True,"001825248000027","18807360","5266227","424090","34711120","EXPORT DE SERVICE",1,"2016-08-15","0","0",1,NULL,NULL,"files/customers/logo/caminearshore_pp.jpg","CASABLANCA","212","MAD",3,"212",NULL,NULL
"518583f7-6b73-4b3e-b4b2-b6cac1897f8d","LE 129","119 BD ABDELMOUMEN N 15 ETG 2","0",True,"002781935000093","50167052","0","497273","36341370","BUREAU D ETUDES D ENQUETES ET DE RECHERCHES (TENANT UN)",1,"2021-03-19","100000","100",1,NULL,NULL,"files/customers/logo/le_129.jpg","CASABLANCA","212","MAD",6,"212",NULL,NULL
"52a2aa43-6395-4bf4-baa4-9ef57bee13fb","LA MAISON DU TAJINE","RUE SOUMAYA RESIDENCE SHEHRAZADE3 SEME ETAGE N°22 PALMIERS","0",True,"001938545000097","24874816","0","385689","34775407","Rastauration",1,"2017-09-12","0","100",0,NULL,NULL,"files/customers/logo/la_maison_du_tajine.jpg","CASABLANCA","212","MAD",5,"212",NULL,NULL
"52d0e5d5-1256-4b7f-a012-18b3fe370759","CAPIMED","119 BD ABDELMOUMEN N 15 ETG 2","0",True,"002776325000049","","0","","","PROMOTION IMMOBILIERE",1,"2021-04-06","100000","100",1,NULL,NULL,"files/customers/logo/capimed.jpg","CASABLANCA","212","MAD",5,"212",NULL,NULL
"5310732f-222b-4c07-95e8-f889ed5e0c9b","CAPIVAL","77 BD QODS SIDI MAAROUF","0",True,"001842747000041","20716130","5266194","365553","36167931","Promotion immobilière",12,"2016-12-16","100000","100",1,NULL,NULL,"files/customers/logo/capival.jpg","CASABLANCA","212","MAD",6,"212",NULL,NULL
"5337d143-2812-4ced-9d32-3adb1ed704bf","YELLOW DIGITAL","119 BD ABDELMOUMEN ETAGE 3 APT  N 20","0",True,"002368438000006","39427736","0","450355","36340279","CONSEIL DE GESTION",1,"2019-12-06","10000","100",1,NULL,NULL,"files/customers/logo/yellow_digital.jpg","CASABLANCA","212","MAD",6,"212",NULL,NULL
"53b47385-3bc6-47bb-839f-eda79e61c56d","EURINVEST","ANGLE RUE JAMAL ADDORA ET ROUTE DE RABAT ","0",True,"000079401000067","1005596","0","114621","37964255","ENTREPRENEUR DE LA GESTION D’EXPLOITATION",1,"2014-09-29","3500000","300",1,NULL,NULL,"files/customers/logo/eurinvest.jpg","CASABLANCA","212","MAD",4,"212",NULL,NULL
"568cbb9d-c068-477d-ac76-57d34fb8d8fc","NOVECIO","RUE SOUMAYA RESIDENCE SHEHRAZADE3 SEME ETAGE N°22 PALMIERS","0",True,"002083010000009","25278816","5846706","404413","34776472","Développement et commercialisation de logiciel ITO, BPO",1,"2018-05-03","100000","100",1,NULL,NULL,"files/customers/logo/novecio.jpg","CASABLANCA","212","MAD",5,"212",NULL,NULL
"5791febd-60aa-4f6c-a5dd-5d2c35874869","SAMVARDHANA MOTHERSON REYDEL AUTOTECC MOROCCO SAS","CODT MALALIYINE COMMUNE SADENA DOUAR DECHRIYINE","0",True,"000056453000027","40260822","8671762","11621","58070260","",1,"2014-12-10","0","100",1,NULL,NULL,"files/customers/logo/reydel.jpg","TETOUAN","212","MAD",7,"212",NULL,NULL
"5819e312-5725-4b8f-ab70-526157dd6f41","DIGITALSTONE","RUE SOUMAYA RES SHEHRAZADE 3 5EME ETG N°22","0",True,"001972648000040","24856995","5792769","384689","34775381","INFORMATIQUE (PROGRAMMEUR, ANALYSTE, CONCEPTEUR)",1,"2017-09-07","500000","100",1,NULL,NULL,"files/customers/logo/digitalstone.jpg","CASABLANCA","212","MAD",6,"212",NULL,NULL
"5917ad29-7b5f-4cef-8587-90e9b2e739cc","BILAD FOOD EL JADIDA","N 3 LOT ASFI HAY AL AMAL","0",True,"002782529000060","50178101","0","","","COURTIER  DE PRODUITS ALIMENTAIRES OU AGRICOLES",1,"2021-03-19","100000","100",1,NULL,NULL,"files/customers/logo/bilad_food_el_jadida.jpg","EL JADIDA","212","MAD",6,"212",NULL,NULL
"59d366a8-eaa1-4fed-9c47-d74e5030f04a","JOURNO ALAIN FRANCOIS BLACK LEMAN DIGITAL","119 BD ABDELMOUMEN ETAGE 3 APT  N 20","0",True,"002375821000097","39420960","1922713","440076","36300374","CONSEIL EN COMMUNICATION DIGITAL",1,"2019-12-02","0","0",1,NULL,NULL,"files/customers/logo/black_leman_digital.jpg","CASABLANCA","212","MAD",3,"212",NULL,NULL
"5aa6eef5-7894-461f-ba68-60237630eef6","FORTIMO","216, ZI SAPINO NOUACEUR","0",True,"000229556600002","37593458","1648812","438141","34777142","IMMEUBLES PROMOTEUR IMMOBILIER",1,"2019-07-08","50000","100",1,NULL,NULL,"files/customers/logo/fortimo.jpg","CASABLANCA","212","MAD",5,"212",NULL,NULL
"5b4cefef-376f-41ee-b6ea-451de3cdf013","CONFORT GAZ","APP 15 ETG 4 IMM 2 TR 5 JNANE CALIFORNIE AIN CHOCK","0",True,"002574142000024","45899094","2110698","467743","34082895","DISTRIBUTION GAZ",1,"2020-07-05","300000","100",1,NULL,NULL,"files/customers/logo/confort_gaz.jpg","CASABLANCA","212","MAD",5,"212",NULL,NULL
"5bb7de29-2ec0-4dae-9095-4e9ca5e74c47","SOURCING FACTORY","219 BD ZERKTOUNI ANGLE BRAHIM ROUDANI N°13 MAARIF ","0",True,"000188421000089","1112970","8256647","209303","35791786","PRESTATIONS DE SERVICES, DEVELOPPEMENT DE CONNECTION RECHERCHE DE MATIERES, CONTRÔLE DE PRODUCTION, SOURCING PRESTATIONS A L EXPORT",1,"2009-11-16","0","100",0,NULL,NULL,"files/customers/logo/sourcing_factory.jpg","CASABLANCA","212","MAD",6,"212",NULL,NULL
"5bc93e54-ddad-421a-b71a-abaa609d60ea","ELITECAP","119 BD ABDELMOUMEN ETAGE 3 APT  N 20","0",True,"002390704000030","39461232","0","440346","36300398","CONSEIL DE GESTION",1,"2019-12-16","0","0",1,NULL,NULL,"files/customers/logo/elitecap.jpg","CASABLANCA","212","MAD",3,"212",NULL,NULL
"5bcfa372-c8e5-421f-86b3-dc3c40ebd0b7","ATTON MARBRE","99, RUE PIERRE PARENT 7ÈME ETAGE N°13 ","0",True,"001835514000071","20714030","5265998","365103","34774829","IMPORTATION ET EXPORTATION (MARCHAND OU INTERMEDIAIRE EFFECTUANT",11,"2016-12-20","30000","100",1,NULL,NULL,"files/customers/logo/atton_marbre.jpg","CASABLANCA","212","MAD",5,"212",NULL,NULL
"5cf84329-babd-4f9f-a72c-50c074f870cb","G-4U","61 AV LALLA YACOUT ANGLE MUSTAPHA EL MAANI ETG 4 N 16","0",True,"002325367000087","39393696","0","449733","32288121","BUREAU D ETUDES D ENQUETES ET DE RECHERCHES (TENANT UN)",1,"2019-11-19","100000","100",1,NULL,NULL,"files/customers/logo/g-4u.jpg","CASABLANCA","212","MAD",5,"212",NULL,NULL
"5dca0422-85ac-4a60-bced-6009f86803c8","RICO FLORES BEACH SARL","54. BACHIR IBRAHIMI ","0",True,"001332200000043","1024232","4266145","165051","","IMMEUBLES,  PROMOTEUR IMMOBILIER.",1,"2006-01-01","0","100",0,NULL,NULL,"files/customers/logo/rico_flores_beach_sarl.jpg","CASABLANCA","212","MAD",5,"212",NULL,NULL
"5ed46c5e-ec66-4c29-a75b-224de0a50dad","DIGISMART","RUE SOUMAYA RESIDENCE SHEHRAZADE3 SEME ETAGE N°22 PALMIERS","0",True,"002158747000064","31872674","1306680","419991","34776738","CENTRE D APPELS TELEPHONIQUES( CALL CENTER) (EXPLOITANT).",1,"2018-12-13","100000","100",1,NULL,NULL,"files/customers/logo/digismart.jpg","CASABLANCA","212","MAD",6,"212",NULL,NULL
"5f11347d-93bf-4a8e-aa0c-fee173b84e97","AKALAY ISMAIL","CASABLANCA","0",True,"0","33643908","0","0","0","DG",1,"2018-11-01","0","0",1,NULL,NULL,"files/customers/logo/akalay_ismail.jpg","CASABLANCA","212","MAD",12,"212",NULL,NULL
"5f7d8449-6e96-4ca5-81ca-0eb24b2bf7d7","PRICEWATERHOUSECOOPERS SERVICE DELIVERY CENTER (MAROC)","NEARESHORE PARK SHORE 14 4ÈME ÉTAGE 1100 BD AL QUODS  ","0",True,"001643759000081","14444344","9670284","285377","36191311","CONSEIL DE GESTION (export de services)",7,"2014-07-01","0","0",1,NULL,NULL,"files/customers/logo/pwc.jpg","CASABLANCA","212","MAD",8,"212",NULL,NULL
"6137d92d-f392-45de-aa00-f2ede16491cf","IMPACT CALL CENTER","RUE SOUMAYA RES SHEHRAZADE 3 ETAGE 5 N°22 PALMIERS","0",True,"001863369000027","20744265","5308277","370123","34774935","IMPORTATEUR (MARCHAND) VENDANT EN DEMI- GROS",1,"2017-02-21","10000","100",1,NULL,NULL,"files/customers/logo/impact_call_center.jpg","CASABLANCA","212","MAD",6,"212",NULL,NULL
"627a4394-8a4b-4bce-8adf-763b2f74885a","GISELLE HARDT","36 BD ANFA RES ANAFE","0",True,"000163284000079","14483752","9897622","296449","35491266","FORMATION",1,"2014-02-14","10000","100",1,NULL,NULL,"files/customers/logo/giselle_hardt.jpg","CASABLANCA","212","MAD",6,"212",NULL,NULL
"6521060b-e15c-4f6f-9e91-ffc932d81847","VIAFLEX PREMIUM MOROCCO","RUE SOUMAYA RES SHEHRAZAD 3, 5ÈME ÉTAGE N°22 PALMIERS ","0",True,"001938988000067","20792000","0","378641","34775189","Promotion Immobilière, Import Export",1,"2017-05-29","10000","100",0,NULL,NULL,"files/customers/logo/viaflex_premium_morocco.jpg","CASABLANCA","212","MAD",6,"212",NULL,NULL
"6525ae7b-9f0c-43f0-8dd1-e6349ff4ab3c","MESURES ET TECHNOLOGIES","119 BD ABDELMOUMEN N 15 ETG 2","0",True,"002789235000097","50167034","0","497279","36341369","CONSEIL EN GESTION",1,"2021-03-19","0","100",1,NULL,NULL,"files/customers/logo/mesures_et_technologies.jpg","CASABLANCA","212","MAD",5,"212",NULL,NULL
"6a5b4a24-cba9-426d-990c-62fa0adeb933","MABA TRANS","DR OULED HADDA SIDI HAJJAJ OULED HASSAR TIT MELLIL","0",True,"001596229000081","18785165","5308269","351203","37101305","TRANSPORT DE MARCHANDISES PAR AUTOMOBILES DONT LE TONNAGE AGREE EST EGAL OU SUPERIEUR A 15 TONNES (ENTREPRENEUR DE) -TRANSPORT COMMUNAL-",1,"2016-04-25","0","100",0,NULL,NULL,"files/customers/logo/maba_trans.jpg","CASABLANCA","212","MAD",5,"212",NULL,NULL
"6a864f7f-de36-4392-9da7-06d91053729d","ESPACE COSMETIC","13 BD EL HAWZA QUART INDUST OUKACHA AIN SEBAA ","0",True,"001530256000044","1021656","6009303","81093","","COSMÉTIQUE  (MARCHAND DE PRODUITS DE) EN GROS.",1,"1995-11-27","1600000","100",1,NULL,NULL,"files/customers/logo/espace_cosmetic.jpg","CASABLANCA","212","MAD",5,"212",NULL,NULL
"6ac8928f-de1a-491a-bb14-1f1b33bd3e37","AMBED VALUE","119 BD ABDELMOUMEN ETAGE 3 APT  N 20","0",True,"002375454000015","39453382","0","451349","36340331","CENTRE D APPELS TELEPHONIQUES( CALL CENTER) (EXPLOITANT).",1,"2019-12-19","100000","100",1,NULL,NULL,"files/customers/logo/ambed_value.jpg","CASABLANCA","212","MAD",6,"212",NULL,NULL
"6b7d53c0-d36d-4e21-9ddb-79bfcce37b05","ENNOMA","RUE SOUMAYA RES SHEHRAZADE 3 5EME ETG N°22","0",True,"001971055000080","24856925","5643053","384811","34775413","BUREAU D ETUDES, D ENQUETES ET DE RECHERCHES (TENANT UN)",1,"2017-09-14","100000","100",1,NULL,NULL,"files/customers/logo/ennoma.jpg","CASABLANCA","212","MAD",6,"212",NULL,NULL
"6b7d76a6-5777-470e-98ae-678960880b45","KIWI","RUE SOUMAYA RES SHEHRAZAD 3, 5ÈME ÉTAGE N°22 PALMIERS ","0",True,"001644104000078","15238171","4387090","321607","34771153","IMPORTATION ET EXPORTATION (MARCHAND OU INTERMEDIAIRE EFFECTUANT) .",1,"2015-02-06","0","100",0,NULL,NULL,"files/customers/logo/kiwi.jpg","CASABLANCA","212","MAD",6,"212",NULL,NULL
"6bf7e926-8a93-4f31-83c2-5ea9f0971bea","BENKARIM GAZ ET SERVICE","CALIFORNIE PARC 1 M2 RDC OULED SALEH","0",True,"002189140000073","33598938","0","421183","34003517","INSTALLATION ET DISTRIBUTION DE GAZ",1,"2018-12-31","100000","100",1,NULL,NULL,"files/customers/logo/benkarim_gaz_et_service.jpg","CASABLANCA","212","MAD",5,"212",NULL,NULL
"6c9d018f-d5eb-40c5-a7e3-da568af7ca78","PROVECTIO MED","RUE SOUMAYA RESIDENCE SHEHRAZADE 3, SEME ETAGE, N° 22 PALMIERS","0",True,"002255903000023","34457738","1563545","431209","34777023","CENTRE D APPELS TELEPHONIQUES( CALL CENTER) (EXPLOITANT).",10,"2019-04-03","0","100",1,NULL,NULL,"files/customers/logo/provectio_med.jpg","CASABLANCA","212","MAD",6,"212",NULL,NULL
"6cbaf0b7-dc96-40d5-a492-003677d66283","BATBUT.MA","119 BD ABDELMOUMEN N 15 ETG 2","0",True,"002795587000089","50180673","2570717","499721","36341396","RESTAURANT",1,"2021-04-02","10000","100",1,NULL,NULL,"files/customers/logo/batbut.ma.jpg","CASABLANCA","212","MAD",6,"212",NULL,NULL
"6cc70c7d-7a17-4435-9043-06f50ed03444","VISIOM MAROC","Parc Innductriel CFCIM Bâtiment n°19 - Commune Rurale d Ouled Salah","0",True,"000083233000005","14470525","9861114","292817","32020429","ACHAT VENTE REPARATION EQUIPEMENT DE SECURITE",1,"2013-12-03","1500000","1000",1,NULL,NULL,"files/customers/logo/visiom_maroc.jpg","NOUACEUR","212","MAD",5,"212",NULL,NULL
"6de3fba8-a42f-45b4-bf3c-8d6c38c14800","INTELSHORE","42 BD ABDELMOUMEN 2ÉME ETAGE APPT 13","0",True,"000008210000072","14444402","9682560","285449","34775391","EXPLOITANT CENTRE D APPEL",1,"2013-07-17","3000000","100",0,NULL,NULL,"files/customers/logo/intelshore.jpg","CASABLANCA","212","MAD",5,"212",NULL,NULL
"72734cad-cb3f-497e-86fb-22113dbe8095","SMART DIGITAL WEB","119 BD ABDELMOUMEN N 15 ETG 2","0",True,"002772049000071","50144341","2506712","495931","36341313","CONSEIL EN GESTION",1,"2021-03-17","100000","100",1,NULL,NULL,"files/customers/logo/smart_digital_web.jpg","CASABLANCA","212","MAD",5,"212",NULL,NULL
"7361987a-c77f-4cd8-b832-f2a5b8340b6d","SEOUL CONSTRUCTION","12 Rue Sabri Boujemaa 1er Étage, App N° 06 - ","0",True,"000060941000004","40438839","8917033","246377","","a promotion immobilière en général, toutes opérations de promotions immobilières -l import et l export et le négoce",1,"2011-10-27","0","100",0,NULL,NULL,"files/customers/logo/seoul_construction.jpg","CASABLANCA","212","MAD",5,"212",NULL,NULL
"73b5f2ef-b729-4076-bd7b-b9280588ad58","CRAFTFLOW SYSTEMS","BD ZIRAOUI 58 RUE MOHAMED SIDKI  1ER ETG BOURGOGNE","0",True,"001555509000026","18753291","4824787","346529","35491762","NEGOCIANT, MARCHAND EFFECTUANT IMPORT ET EXPORT",1,"2016-03-18","0","100",0,NULL,NULL,"files/customers/logo/craftflow_systems.jpg","CASABLANCA","212","MAD",6,"212",NULL,NULL
"74e354d1-d884-4a10-b112-52f9efb8776d","MDS BEAUTY","67, RUE AZIZ BELLAL, 2EME ETAGE, N°03, MAARIF","0",True,"001992862000081","24898516","5693454","387977","35794919","Produits cosmetics",1,"2017-10-26","100000","100",0,NULL,NULL,"files/customers/logo/mds_beauty.jpg","CASABLANCA","212","MAD",6,"212",NULL,NULL
"754bb37d-53ec-4e0c-a8d9-f20aed3c5937","KEBIR MARBRE","RUE SOUMAYA RESIDENCE SHEHRAZADE3 SEME ETAGE N°22 PALMIERS","0",True,"002158750000080","26190603","1306919","414853","34776623","EXTRACTION ET NEGOCE MARBRE",1,"2018-10-18","100000","100",1,NULL,NULL,"files/customers/logo/kebir_marbre.jpg","CASABLANCA","212","MAD",5,"212",NULL,NULL
"7914b466-5eb5-4605-ba5f-0f9a9106fc81","MK METALS CORPORATION","Angle Bd. Zerktouni Et Bd. Sidi Mohamed Ben Abdellah - Résidence Marina Center 1","0",True,"000207925000094","14401416","9392432","273735 ","31291538","IMPORTATION ET EXPORTATION (MARCHAND OU INTERMEDIAIRE EFFECTUANT) .",1,"2013-01-28","0","100",1,NULL,NULL,"files/customers/logo/mk_metals_corporation.jpg","CASABLANCA","212","MAD",5,"212",NULL,NULL
"79d53731-1f26-41d6-998a-47641214bb15","ETIQUETTES ACCESSOIRES MAROC","CITE ENNACIM RES KOUTOUBIA IMM 2 APPT N°1 SIDI MAAROUF ","0",True,"000209582000072","14476940","9876957","295737","34793276","MARCHAND EFFECTUANT IMPORT ET EXPORT, NEGOCIANT",12,"2014-01-14","0","100",0,NULL,NULL,"files/customers/logo/etiquettes_accessoires_maroc.jpg","CASABLANCA","212","MAD",6,"212",NULL,NULL
"7a66000a-79e5-43ff-8f6a-076612825ca9","DAT AUTOMOTIVE","RUE SOUMAYA RES SHEHRAZADE 3 ETG 5 N 22","0",True,"002017474000007","25232680","","401237","34776392","MARCHAND OU INTERMEDIAIRE EFFECTUANT IMPORTATION ET EXPORTATION",1,"2018-04-17","0","100",1,NULL,NULL,"files/customers/logo/datauto.jpg","CASABLANCA","212","MAD",5,"212",NULL,NULL
"7bdbae28-b7ac-42a3-9934-508fe07ce1d5","IKANBI MOROCCO","NEARSHORE PARK SHORE 4, PLATEAU 001 SIDI MAAROUF","0",True,"000739150000021","18720157","4732922","339961","36167475","MARCHAND EFFECTUANT IMPORT EXPORT",4,"2015-12-15","100000","100",0,NULL,NULL,"files/customers/logo/ikanbi.jpg","CASABLANCA","212","MAD",5,"212",NULL,NULL
"7c1e276b-86fc-4d20-9fd4-7adc1faa6c37","PHYSIOTRONIC","141 LOT MANDARONA RUE 1","0",True,"002253691000092","37520005","1535205","434109","34001327","NEGOCIANT",1,"2019-05-15","100000","100",1,NULL,NULL,"files/customers/logo/physiotronic.jpg","CASABLANCA","212","MAD",5,"212",NULL,NULL
"7c98ef87-4f48-448b-9a1c-455b2b072928","MITSUBA MANUFACTURING MOROCCO","ZONE FRANCHE DE NOUACEUR LOT N 58","0",True,"002210597000018","37560741","0","437889","32090214","MARCHAND OU INTERMEDIAIRE EFFECTUANT IMPORTATION ET EXPORTATION",4,"2019-06-17","1355000","10",1,NULL,NULL,"files/customers/logo/mitsuba.jpg","CASABLANCA","212","MAD",6,"212",NULL,NULL
"7cdb058a-b023-417b-8d07-2b74820337be","FS MAROC ","RUE SOUMAYA RES SHEHRAZAD 3, 5ÈME ÉTAGE N°22 PALMIERS ","0",True,"001571797000048","18761180","4895407","347059","34774281","LA REPRESENTATION COMMERCIALE L ACHAT LA VENTE L IMPORTATION ET L EXPORTATION",1,"2016-01-01","0","100",0,NULL,NULL,"files/customers/logo/fs_maroc_.jpg","CASABLANCA","212","MAD",6,"212",NULL,NULL
"7e580edd-7e07-4a8d-a409-2453e75d176e","BILAD FOOD","DOUAR OULED HADDA COMMUNE RURALE SIDI HAJJAJ OULED  HASSAR PROVINCE TIT MELLIL MEDIOUNA","0",True,"000070808000054","6508414","7239967","164539","37136251","ALIMENTATION GÉNÉRALE (TENANT UN MAGASIN D ).Importation et exportation",1,"2006-05-01","1000000","100",1,NULL,NULL,"files/customers/logo/bilad_food.jpg","CASABLANCA","212","MAD",6,"212",NULL,NULL
"7effa8bd-8bde-44e7-a09b-a2f9c33a8ef1","MAGIC HOUSE","18 RUE BACHIR IBRAHIMI ","0",True,"000028621000032","1107001","7612692","171155","","IMMEUBLES,  PROMOTEUR IMMOBILIER.",1,"2007-09-27","0","100",0,NULL,NULL,"files/customers/logo/magic_house.jpg","CASABLANCA","212","MAD",5,"212",NULL,NULL
"7f6bd750-ec54-4b46-ba3e-852d27d2005b","CIRCET MOROCCO","265, BD ZERKTOUNI , 9EME ETG , N°92 - 20050","0",True,"002016985000018","25014036","5805778","393891","35697654","CREATION ET MAINTIEN DE RESEAUX DE TELECOMMUNICATION",1,"2018-01-23","1000000","10",1,NULL,NULL,"files/customers/logo/circet.jpg","CASABLANCA","212","MAD",6,"212",NULL,NULL
"81bbb847-1788-4c34-bf0a-534f4722e27a","FLOWSTUDIO","119 BD ABDELMOUMEN ETAGE 3 APT  N 20","0",True,"002372252000042","39444658","1850366","450965","36340317","INFORMATIQUE (PROGRAMMEUR, ANALYSTE, CONCEPTEUR EN).",1,"2019-12-16","100000","100",0,NULL,NULL,"files/customers/logo/flowstudio.jpg","CASABLANCA","212","MAD",5,"212",NULL,NULL
"8259b9ac-e2d5-4fb1-adcb-24a19b95925d","DELTA X","119 BD ABDELMOUMEN N 15 ETG 2","0",True,"002746057000060","48529812","0","489541","36341112","IMPORTATION ET EXPORTATION (MARCHAND OU INTERMEDIAIRE EFFECTUANT) .",1,"2021-01-12","100000","100",1,NULL,NULL,"files/customers/logo/delta_x.jpg","CASABLANCA","212","MAD",6,"212",NULL,NULL
"82decff2-2162-4c5a-963a-b3f7267d0f4e","SERVIGLOBE","RUE SOUMAYA RESIDENCE SHEHRAZADE 3, SEME ETAGE, N° 22 PALMIERS","0",True,"002241731000002","34447972","1490463","429837","34777012","PROGRAMMEUR ANALYSTE CONCEPTEUR EN INFORMATIQUE",1,"2019-03-28","10000","100",1,NULL,NULL,"files/customers/logo/serviglobe.jpg","CASABLANCA","212","MAD",6,"212",NULL,NULL
"839a516e-14eb-43b6-b2dd-3809ac1556f6","DBMINDSOFTWARE PP","RUE SOUMAYA RES SHEHRAZADE N°22","0",True,"001749746000029","18807028","0","424000","34711108","EXPORTATEUR SERVICES DEVELLOPEMENT",1,"2016-07-27","0","0",1,NULL,NULL,"files/customers/logo/dbmined.jpg","CASABLANCA","212","MAD",3,"212",NULL,NULL
"841736e4-459a-4954-a7af-c2f4b0b8f073","RIMANSEIL","RUE SOUMAYA RES SHEHRAZAD 3, 5ÈME ÉTAGE N°22 PALMIERS","0",True,"000210476000087","15188094","4173267","310263","34793533","CONSEIL POUR LES AFFAIRES ET ADMINISTRATION D ENTREPRISES",1,"2014-08-26","10000","100",1,NULL,NULL,"files/customers/logo/rimanseil.jpg","CASABLANCA","212","MAD",6,"212",NULL,NULL
"847b944c-7fac-4f52-992f-351ab23c749d","ADRIA BUSINESS & TECHNOLOGY AFRICA","ANGLE AVENUE MERS SULTAN ET LA  RUE ZERHOUNE","0",True,"000088747000022","14411874","9465437","276409",NULL,"TECHNOLOGIE DE L INFORMATIQUE, VENTE DE LOGIGIELS PROGRAMMES INFORMATIQUE",1,"2013-03-04","0","0",1,NULL,NULL,"files/customers/logo/Adria-logo_NBSSHsZ.png","CASABLANCA","212","MAD",6,"212","",""
"84f06abb-269e-4afa-a0b5-db235742c07f","SOUHAIL JAHIDI","CASABLANCA","0",True,"0","45773860","0","0","0","DG",1,"2018-11-01","0","0",1,NULL,NULL,"files/customers/logo/souhail_jahidi.jpg","CASABLANCA","212","MAD",12,"212",NULL,NULL
"851b2b2f-ee1b-4ef8-98b4-bbdd3feff815","OPTIGENIE","119 BD ABDELMOUMEN N 15 ETG 2","0",True,"002729114000069","48560227","0","489015","36341166","IMPORTATION ET EXPORTATION (MARCHAND OU INTERMEDIAIRE EFFECTUANT) .",1,"2021-02-01","10000","100",1,NULL,NULL,"files/customers/logo/optigenie.jpg","CASABLANCA","212","MAD",6,"212",NULL,NULL
"85a2cbb5-b334-446d-b44a-a16be5f82774","LABO 3D PHARMA","LOT LINA N°313 ETG 2 SIDI MAAROUF","0",True,"000079317000007","2501696","6350227","110217","36160260","IMPORT EXPORT PRODUITS PHARMACETIQUES",1,"2009-11-26","0","100",0,NULL,NULL,"files/customers/logo/labo_3d_pharma.jpg","CASABLANC","212","MAD",5,"212",NULL,NULL
"87986fdc-0d49-42da-a57b-40613ae8e67c","BEREXIA","NEARSHORE, PARK SHORE 4-PLATEAU 201,1100 BD AL QODS QUARTIER SIDI MAAROUF","0",True,"002087860000009","25278791","5846699","404537","34776470","Développement et commercialisation de logiciel ITO, BPO",1,"2018-05-07","100000","100",0,NULL,NULL,"files/customers/logo/berexia.jpg","CASABLANCA","212","MAD",6,"212",NULL,NULL
"8972fa99-82a8-40f3-9667-1c286cabcd43","SAMLAL ABDELKRIM NACV2","RUE SOUMAYA RESIDENCE SHEHRAZADE 3, SEME ETAGE, N° 22 PALMIERS","0",True,"002241729000056","33688341","0","436140","34700815","PROGRAMMEUR ANALYSTE CONCEPTEUR EN INFORMATIQUE",1,"2019-02-19","0","0",0,NULL,NULL,"files/customers/logo/samlal_abdelkrim_nacv2.jpg","CASABLANCA","212","MAD",3,"212",NULL,NULL
"8a223c11-af55-4735-a01c-62503a7ecb50","EMERGENCE CALL","RUE SOUMAYA RESIDENCE SHEHRAZADE 3, SEME ETAGE, N° 22 PALMIERS","0",True,"002221417000042","33655750","1307365","425269","34776880","CENTRE D APPELS TELEPHONIQUES( CALL CENTER) (EXPLOITANT).",1,"2019-02-12","0","100",0,NULL,NULL,"files/customers/logo/emergence_call.jpg","CASABLANCA","212","MAD",6,"212",NULL,NULL
"8ab84a2f-2133-489a-ac29-07e84beba62a","SYLOB MAROC","1100 BD AL QODS NEARSHORE PARK SHORE  10 PLATEAU 301","0",True,"001567116000044","15216827","4301917","318211","36102923","AUTRES ACTIVITES RATTACHEES A L INFORMATIQUE",1,"2014-01-15","10000","100",1,NULL,NULL,"files/customers/logo/sylob.jpg","CASABLANCA","212","MAD",6,"212",NULL,NULL
"8b109198-b34c-46f4-9362-cc22b3247850","RGPD WEB SOLUTIONS","RUE SOUMAYA RESIDENCE SHEHRAZADE 3, SEME ETAGE, N° 22 PALMIERS","0",True,"002189151000067","33681016","1415249","425957","34776924","CENTRE D APPELS TELEPHONIQUES( CALL CENTER) (EXPLOITANT).",1,"2019-02-25","100000","100",0,NULL,NULL,"files/customers/logo/rgpd_web_solutions.jpg","CASABLANCA","212","MAD",5,"212",NULL,NULL
"8c69a5bd-30fd-4175-8899-ac9e3e4354e3","DANBITEL","119 BD ABDELMOUMEN N 15 ETG 2","",True,"002872031000067","50371422","2732456","511291","36341742","CENTRE D'APPEL",1,"2021-07-01","0","0",1,NULL,NULL,"files/customers/logo/.jpg","CASABLANCA","212","MAD",6,"212",NULL,NULL
"8c7b95c7-70ad-4f1e-aaa2-c14ca1fbeb0f","ANTECO SYSTEMS","NEARSHORE PARK SHORE 23 PLATEAU 001, 1100 BD AL QODS- QUARTIER SIDI MAAROUF","0",True,"002270602000074","37520108","1490742","434219","36102945","CENTRE D APPELS TELEPHONIQUES( CALL CENTER) (EXPLOITANT).",1,"2019-05-15","100000","100",1,NULL,NULL,"files/customers/logo/anteco.jpg","CASABLANCA","212","MAD",6,"212",NULL,NULL
"8de58ffb-3df5-488c-9802-3046290ce9c2","MITSUBA MOROCCO","LOT N°74 Z.I. SUD OUEST","0",True,"000056710000072","40264723","0","19947","","MÉCANICIEN   CONSTRUCTEUR.",4,"2011-03-21","5600000","100",0,NULL,NULL,"files/customers/logo/mitsuba_morocco.jpg","MOHAMMEDIA ","212","MAD",6,"212",NULL,NULL
"8eb8374f-726e-400c-bc45-121841ba562a","YARI INTERNATIONNAL","119 BD ABDELMOUMEN N 15 ETG 2","0",True,"002771945000066","50150484","2506697","496097","36341326","CONSEIL EN GESTION",1,"2021-03-19","100000","100",1,NULL,NULL,"files/customers/logo/yari_internationnal.jpg","CASABLANCA","212","MAD",5,"212",NULL,NULL
"8edc0060-8e7e-4f3d-b2c0-c1be88dcd8d6","USB INTERNATIONAL","1100 BD AL QODS BUSINESS CENTER 20270 SIDI MAAROUF","0",True,"001580945000014","18774527","4816023","349729","36167717","Import / export Marchand Produits Cosmetics",1,"2016-05-02","100000","100",0,NULL,NULL,"files/customers/logo/usb_international.jpg","CASABLANCA","212","MAD",6,"212",NULL,NULL
"8fde4012-d567-447f-9ff8-1f579868bb4d","INSIGHT LEARNING","119 BD ABDELMOUMEN N 15 ETG 2","0",True,"002737079000063","48570369","0","489967","3631190","IMPORT ET EXPORT (MD OU INTERMEDIAIRE EFFECTUANT) CONSEIL DE GESTION",1,"2021-02-03","100000","100",1,NULL,NULL,"files/customers/logo/insight_learning.jpg","CASABLANCA","212","MAD",5,"212",NULL,NULL
"90852177-69c0-43e6-824f-040eb1271154","UMGP","ZAHR 1 N 35 SIDI MAAROUF 20000","0",True,"002313249000092","37725665","1746909","446273","36102076","CENTRE D APPELS TELEPHONIQUES( CALL CENTER) (EXPLOITANT).",1,"2019-10-14","0","0",1,NULL,NULL,"files/customers/logo/umgp.jpg","CASABLANCA","212","MAD",8,"212",NULL,NULL
"90b0985d-46c3-4c4e-b115-3ba4fc7c7341","LEPECHEURMED","RUE SOU MA Y A RESIDENCE SHEHRAZADE3 SEME ETAGE N°22 PALMIERS","0",True,"002027733000046","25019799","0","395951","34776280","Négoce et transformation de produits de la mer",1,"2018-01-25","0","100",0,NULL,NULL,"files/customers/logo/lepecheurmed.jpg","CASABLANCA","212","MAD",6,"212",NULL,NULL
"9313a6a6-5556-44f9-9dba-efb89396af31","LIBRACALL","42, BD ABDELMOUMEN 2EME ETAGE APPT N°13","0",True,"002189372000017","33599738","1306806","421563","34776794","CENTRE D APPELS TELEPHONIQUES( CALL CENTER) (EXPLOITANT).",1,"2019-01-10","100000","100",1,NULL,NULL,"files/customers/logo/libracall.jpg","CASABLANCA","212","MAD",5,"212",NULL,NULL
"933808ae-1a50-448a-b502-2eaf670117d9","NALIXAM","236 BD GHANDI N 13 RDC","0",True,"002158967000041","33597228","","421217","34750672","IMPORTATION ET EXPORTATION (MARCHAND OU INTERMEDIAIRE EFFECTUANT) .",1,"2018-11-19","0","100",1,NULL,NULL,"files/customers/logo/nalixam.jpg","CASABLANCA","212","MAD",6,"212",NULL,NULL
"9343903a-7eab-483d-8714-0443a26d4dc2","ITNEWVISION AFRICA","LOT N°2 LOTISSEMENT MANDAROUNA 300 SIDI MAAROUF","0",True,"000061673000028","40453160","8971584","249815","36104409","INGENIEUR CONSEIL, ENTREPRISE DE GENIE INFORMATIQUE",1,"2011-12-15","100000","100",1,NULL,NULL,"files/customers/logo/itnewvision.jpg","CASABLANCA","212","MAD",6,"212",NULL,NULL
"94151a9f-262c-4a5a-807b-843807096e16","MODCONTROL","SOUMAYA RÉSIDENCE SHEHRAZAD3 5ÈME ETAGE N°22 PALMIERS   ","0",True,"000209375000035","14467841","9816515","292889","34793214","Services à l’exportation, suivi de production et développement de prototypage, contrôle de qulité, conseisl techniques ",1,"2013-01-01","10000","100",1,NULL,NULL,"files/customers/logo/modcontrol.jpg","CASABLANCA","212","MAD",6,"212",NULL,NULL
"956668ec-3cfa-449a-af29-f4790df7c493","ALLPARTNER","119 BD ABDELMOUMEN ETAGE 3 APT  N 20","0",True,"002380339000040","39451577","1850330","451347","36340327","PUBLICITÉ  (ENTREPRENEUR OU TENANT UNE AGENCE DE) OCCUPANT AU MOINS UN  EMPLOYÉ.",1,"2019-12-19","10000","100",1,NULL,NULL,"files/customers/logo/allpartner.jpg","CASABLANCA","212","MAD",6,"212",NULL,NULL
"96d2b8fb-e0a7-4651-a50a-2a1382a6c74a","HATLAS AFRICA MAROC","RUE SOUMAYA RES SHEHRAZAD 3, 5ÈME ÉTAGE N°22 PALMIERS ","0",True,"001809015000072","20699025","5531547","362587","34774749","INGÉNIERIE RECRUTEMENT...",1,"2016-10-28","100000","100",1,NULL,NULL,"files/customers/logo/hatlas_africa_maroc.jpg","CASABLANCA","212","MAD",6,"212",NULL,NULL
"98d86af4-ec97-424b-a98c-722c0c279bf9","KURO","RUE SOUMAYA RES SHEHRAZAD 3, 5ÈME ÉTAGE N°22 PALMIERS ","0",True,"001928102000079","20783309","0","377057","34775145","EXPLOITANT UN ETABLISSEMENT DE CONFECTION DES VETEMENTS",1,"2017-05-15","10000","100",1,NULL,NULL,"files/customers/logo/kuro.jpg","CASABLANCA","212","MAD",5,"212",NULL,NULL
"992edc53-8b91-4144-9784-c247ac4777f8","AS INDUSTRY","46 RUE DES PAPILLONS ","0",True,"000087876000065","1102897","7071971","144065","","INGÉNIEUR   CONSEIL.",1,"2013-01-01","0","100",0,NULL,NULL,"files/customers/logo/as_industry.jpg","CASABLANCA","212","MAD",6,"212",NULL,NULL
"99b9530d-2fcb-4e88-bc99-9b99d96b9e21","INTELINVEST","45 Boulevard Abdelmoumen, Résidence Walili « 14 », 2ème étage","0",True,"001799236000071","20697815","0","362357","34774751","IMMEUBLES, PROMOTEUR IMMOBIL",10,"2016-11-01","1100000","100",1,NULL,NULL,"files/customers/logo/intelinvest.jpg","CASABLANCA","212","MAD",5,"212",NULL,NULL
"9ad8364f-0be0-4f02-ad10-6836b476f81b","AMIMA","LOT 17-11 ZONE INDUSTRIELLE OULED SALEH BOUSKOURA BOUSKOURA","0",True,"001936504000011","15263706","4302048","","","INGENIEUR-CONSEIL",1,"2017-01-01","0","0",1,NULL,NULL,"files/customers/logo/amima.jpg","BOUSKOURA","212","MAD",2,"212",NULL,NULL
"9b3c6272-fdb7-4e39-9eef-cdfacdc68e3f","FAYAT ENERGIE SERVICES INTERNATIONAL MAROC","159 BD LA RESISTANCE ETG 3N° B20/1","0",True,"001852826000090","20766128","5473426","375263","33490464","NEGOCIANT TENANT UN BUREAU D ETUDE, ENTREPRENEUR D INSTALLATION ELECTRIQUE",10,"2017-04-07","0","0",1,NULL,NULL,"files/customers/logo/fayat.jpg","CASABLANCA","212","MAD",8,"212",NULL,NULL
"9d3fc359-b86e-44cb-8d1a-2f9c93516f44","CHAABANE CONSTRUCTION MODERNE","N°7 Rue 175 Groupe 1 El Oulfa - ","0",True,"001545250000084","1622376","6095998","98537","","TRAVAUX  DIVERS OU CONSTRUCTIONS (ENTREPRENEUR DE).",1,"2005-01-01","0","100",0,NULL,NULL,"files/customers/logo/chaabane_construction_moderne.jpg","CASABLANCA","212","MAD",5,"212",NULL,NULL
"9dad52b6-2d13-449b-b340-3da4955fb0a6","CHASSE ET PECHE HAFFARI EL FARAJ","119 BD ABDELMOUMEN N 15 ETG 2","",True,"002871639000078","50371330","2732468","511293","36341741","MUNISSION",1,"2021-07-02","0","0",1,NULL,NULL,"files/customers/logo/.jpg","CASABLANCA","212","MAD",5,"212",NULL,NULL
"9dcfcf8a-56db-4e76-9e31-741367f2a2ee","ANYBRAND COSMETICS","RUE SOUMAYA RÉSIDENCE SHEHRAZADE3 5ÈME ETAGE N°22 PALMIERS","0",True,"001952208000087","24837330","5643061","383015","34775345","Production et commercialisation de produits cosmétiques",1,"2017-09-11","10000","100",1,NULL,NULL,"files/customers/logo/anybrand_cosmetics.jpg","CASABLANCA","212","MAD",5,"212",NULL,NULL
"9f83f033-f3a4-4a54-90a8-d8e068406fb6","BLUE-SCRATCH CONSULTING","119 BD ABDELMOUMEN ETAGE 3 APT  N 20","0",True,"002425862000006","45648927","2032565","459665","36340575","PROGRAMMEUR ANALYSTE CONCEPTEUR EN INFORMATIQUE",1,"2020-03-10","10000","100",1,NULL,NULL,"files/customers/logo/blue-scratch.jpg","CASABLANCA","212","MAD",6,"212",NULL,NULL
"a07c4b46-3dd7-4d41-85df-d6d126ec30e0","FIVE MARRAKECH","119 BD ABDELMOUMEN N 15 ETG 2","0",True,"002723882000004","50289798","0","505005","36341553","PROMOTION IMMOBILIERE",1,"2021-04-28","100000","100",1,NULL,NULL,"files/customers/logo/five_marrakech.jpg","CASABLANCA","212","MAD",5,"212",NULL,NULL
"a0c738e1-41fa-405c-9806-d5f66ee1d096","BTPARCHI DESIGN","240 Bd. TEMARA HAY MLY ABDELLAH 3EME ETG","0",True,"002354003000005","39398816","1768739","448997","34081424","DECORATION OU DE L ORNEMENTATION DES APPRATEMENT",1,"2019-11-21","100000","100",1,NULL,NULL,"files/customers/logo/btparchi_design.jpg","CASABLANCA","212","MAD",6,"212",NULL,NULL
"a11c5369-aef6-4643-addc-7c5a5f73dc28","VASPP NA","CASANEARSHORE PARK 1100 BD AL QODS SIDI MAAROUF","0",True,"002336685000051","39425900","1826149","450207","36102657","INFORMATIQUE (PROGRAMMEUR, ANALYSTE, CONCEPTEUR EN).",1,"2019-12-05","10000","100",1,NULL,NULL,"files/customers/logo/vasppna.jpg","CASABLANCA","212","MAD",5,"212",NULL,NULL
"a13032fa-68d7-4aeb-b6ea-109883d57031","THE SAND HOUSE REAL ESTATE","7 LOT GHITA AVENUE N CALIFORNIE AIN CHOCK -AIN CHOK (AR)","0",True,"001916185000089","24835216","0","382475","","IMMEUBLES,  PROMOTEUR IMMOBILIER.",1,"2017-01-01","0","100",0,NULL,NULL,"files/customers/logo/the_sand_house_real_estate.jpg","CASABLANCA","212","MAD",5,"212",NULL,NULL
"a538bc0a-87ed-49b9-bdbd-0416d19f00ba","CALL CENTER GROUP","14 RUE ABDELLAH NAFII MAARIF ","0",True,"000209019000044","14454370","9729156","288673","35793442","EXPLOITANT CENTRES D APPELS",1,"2013-09-01","10000","100",0,NULL,NULL,"files/customers/logo/ccg.jpg","CASABLANCA","212","MAD",6,"212",NULL,NULL
"a6c0dae1-d517-4ace-9c1a-b5e4d4bccedf","PRESTASHORE IMAD FALLOUKI","7 RUE EL HAMAM RDC ","0",True,"001654262000031","15166417","0","413804","34299066","EXPORT DE SERVICE/CONSEIL ET GESTION DES ENTREPRISE",1,"2014-02-16","0","0",0,NULL,NULL,"files/customers/logo/prestashore_imad_fallouki.jpg","CASABLANCA","212","MAD",3,"212",NULL,NULL
"ac137e4d-eaad-45cf-912a-8c19be1bd03c","CITY MATERIAUX","119 BD ABDELMOUMEN N 15 ETG 2","0",True,"002723882000004","50116707","2570731","499801","35631904","TRAVAUX  DIVERS OU CONSTRUCTIONS (ENTREPRENEUR DE).",1,"2021-03-04","300000","100",1,NULL,NULL,"files/customers/logo/city_materiaux.jpg","CASABLANCA","212","MAD",4,"212",NULL,NULL
"ad3d3f73-2ad1-457c-94d1-2109b0d426cf","DAT DEUTSCHE AUTOTEILLE","LOT OPERATION LISSASFA N 10","0",True,"000004774000015","14390312","","270743","36291213","IMPORTATION ET EXPORTATION (MARCHAND OU INTERMEDIAIRE EFFECTUANT) .",1,"2012-11-29","0","100",1,NULL,NULL,"files/customers/logo/datdeutchauto.jpg","CASABLANCA","212","MAD",5,"212",NULL,NULL
"ad67f7e5-c1da-4be6-9be3-081cb4f6c95f","DABA CRC","NEARSHORE PARK SHORE 4 PLATEAU 201 SIDI MAAROUF","0",True,"001643889000063","15222633","4259992","318699","34251039","EXPLOITANT DE CENTRE D APPEL",1,"2015-01-09","10000","100",3,NULL,NULL,"files/customers/logo/daba_crc.jpg","CASABLANCA","212","MAD",6,"212",NULL,NULL
"aed6ae33-bc46-4944-90e9-e12faa0ee3b9","SECURAPM","RUE SOUMAYA RESIDENCE SHEHRAZADE 3, SEME ETAGE, N° 22 PALMIERS","0",True,"002280821000029","37519178","1490754","434221","34777069","CENTRE D APPELS TELEPHONIQUES( CALL CENTER) (EXPLOITANT).",1,"2019-05-15","10000","100",1,NULL,NULL,"files/customers/logo/securapm.jpg","CASABLANCA","212","MAD",6,"212",NULL,NULL
"af44be65-2821-435f-8cae-91935691c802","DATACOMPLIANCE MAGHREB","RUE SOUMAYA RES SHEHRAZADE 3 ETG 5 N 22","0",True,"002032746000010","25102913","5884722","398239","34776357","Conseil juridique",1,"2018-02-01","10000","100",0,NULL,NULL,"files/customers/logo/datacompliance_maghreb.jpg","CASABLANCA","212","MAD",5,"212",NULL,NULL
"b0c833af-ac66-4b94-9f4e-3b709d6d6673","MPQ MAROC METROLOGIE","75 BD 11 JANVIER ETG 1 APPT 169","0",True,"001536519000014","14444538","9413501","285239","33365211","VÉRIFICATEUR  OU ENTREPRENEUR DE L ENTRETIEN DE VÉHICULES, APPAREILS, RÉCIPIENTS, MATÉRIELS, INSTALLATIONS",1,"2013-07-08","100000","100",1,NULL,NULL,"files/customers/logo/mpq.jpg","CASABLANCA","212","MAD",5,"212",NULL,NULL
"b26aa525-78fc-4c16-8bb6-1b097bae8dbc","ICUBE","NEARSHORE PARK SHORE 26 PLATEAU 301 302 SIDI MAAROUF","0",True,"001643924000088","15235927","4386894","321239","36104258","BPO EXPORTATION DE SERVICES,  ITO DEVELOPPEMENT  ET SERVICE INFORMATIQUE, CENTRE D APPEL",1,"2015-01-26","8505700","100",1,NULL,NULL,"files/customers/logo/icube.jpg","CASABLANCA","212","MAD",6,"212",NULL,NULL
"b3cb515e-8aee-423c-8cc2-5a86167d303e","UMANIS INTERMEDIATION","CASANEARSHORE PARK SHORE 21, PLATEAUX 102, 201 ET 202 - 1100 BD AL QODS, SIDI MAAROUF, 20270","0",True,"002124856000023","26158189","1088927","412967","37990420","Courtage et intermédiation en assurances",1,"2018-09-26","0","0",1,NULL,NULL,"files/customers/logo/umanis_intermediation.jpg","CASABLANCA","212","MAD",8,"212",NULL,NULL
"b74d8bd5-ed60-42a2-bc78-d65105694701","AWARINO","FLORIDA CENTRE PARK2 BUREAU N 19 2EME ETAGE SIDI MAAROUF","0",True,"002370877000016","39447731","1862311","451099","36340323","DEVELOPPEMENT DES SOLUTIONS INFORMATIQUES",1,"2019-12-17","100000","100",0,NULL,NULL,"files/customers/logo/awarino.jpg","CASABLANCA","212","MAD",5,"212",NULL,NULL
"b74dc55d-7ec7-4fe4-ab07-92a140445f7a","KAB SHORE","57 BD ABDELMOUMEN ANGLE 27 RUE SALIM CHERKAOUI RES AL HADI PORTE A ETG 3 N A 12","0",True,"002119748000005","26098949","5811296","409909","36340186","CENTRE D APPEL",1,"2018-08-07","100000","100",1,NULL,NULL,"files/customers/logo/kabshore.jpg","CASABLANCA","212","MAD",5,"212",NULL,NULL
"b7ac78f9-b71d-4090-92c8-a8abb4baf752","EXCELSIUS PP","RUE SOUMAYA RES SHEHRAZADE 3 N°22","0",True,"000719209000078","15161048","0","412706","36300346","AUTRES ACTIVITES RATTACHEES A L INFORMATIQUE",1,"2014-04-22","0","0",0,NULL,NULL,"files/customers/logo/excelsius_pp.jpg","CASABLANCA","212","MAD",3,"212",NULL,NULL
"bab5288d-35de-4258-9942-e3a47fb1ac01","DIGIK","GROUPE ATTAKKADDOUM GH 2-17 2EME ETAGE SIDI BERNOUSSI","0",True,"001939701000022","20795186","5546439","379675","31693384","Conseil de gestion",1,"2017-06-19","0","100",0,NULL,NULL,"files/customers/logo/digik.jpg","CASABLANCA","212","MAD",6,"212",NULL,NULL
"bce2bdf1-1c86-49c4-9157-99d4b2cf31c1","HAIMAR NADIA MODUS 2N","RUE SOUMAYA RESIDENCE SHEHRAZADE 3 ETAGE 5 N 22 ","0",True,"002339589000019","37569615","0","437722","34701020","CONSEIL DE GESTION",1,"2019-05-13","0","0",1,NULL,NULL,"files/customers/logo/haimar_nadia_modus_2n.jpg","CASABLANCA","212","MAD",3,"212",NULL,NULL
"bf16e0c9-cdd6-4399-99ac-5bab11e4332e","RSMC","119 BD ABDELMOUMEN N 15 ETG 2","0",True,"002718553000036","50093398","0","493601","36341236","INFORMATIQUE (PROGRAMMEUR, ANALYSTE, CONCEPTEUR EN).",1,"2021-02-15","0","100",1,NULL,NULL,"files/customers/logo/rsmc.jpg","CASABLANCA","212","MAD",5,"212",NULL,NULL
"bfc20ed7-d4fc-42f2-9631-9d2227a8d5a8","BOTTICELLI WEB SUCCURSALE","N°35 LOTISSEMENT ZAHRE 01 SIDI MAAROUF","0",True,"001950567000065","24981298","0","391599","37998276","Informatique",1,"2017-12-22","0","0",1,NULL,NULL,"files/customers/logo/botticelli_web_succursale.jpg","CASABLANCA","212","MAD",8,"212",NULL,NULL
"c067a02c-4c15-45a3-9a5e-08d13ccae769","CAPAGO MAROC","RUE SOUMAYA RES SHEHRAZADE 3 ETG 5 N° 22 PALMIERS ","0",True,"000034303000072","15164028","9976426","301453","34770515","Centre De Télétravail ",1,"2014-01-01","10000","100",1,NULL,NULL,"files/customers/logo/capago_maroc.jpg","CASABLANCA","212","MAD",6,"212",NULL,NULL
"c17b925c-c603-46ab-ab1c-80f5d2fca5c3","AZILOG","Bd. Moulay Slimane 92 Angle Hassan Kourit 2ème Étage N° 5 Ain Sebaâ - Aîn-Sebaâ ","0",True,"001740086000016","15242573","4352895","323149 ","31208100","TRANSPORT  DE MARCHANDISES PAR AUTOMOBILES DONT LE TONNAGE AGRÉÉ EST ÉGAL OU SUPÉRIEUR À 15 TONNES (ENTREPRENEUR DE) -TRANSPORT COMMUNAL-",1,"2015-03-26","0","100",1,NULL,NULL,"files/customers/logo/azilog.jpg","CASABLANCA","212","MAD",6,"212",NULL,NULL
"c372282d-0430-484e-94b9-607270c2d4f9","CLOUD-ECO","NEARSHORE PARK SHORE 18 PLATEAU 202 SIDI MARROUF","0",True,"000163369000015","14488656","9933278","297967","34793346","EXPLOITANT CENTRES D APPELS",1,"2014-01-01","100000","100",1,NULL,NULL,"files/customers/logo/cloudeco.jpg","CASABLANCA","212","MAD",6,"212",NULL,NULL
"c3b83bd5-f39e-438c-af7f-199a8165a451","ABT HOLDING","ANG BD EMILE ZOLA ET RUE RETHEL ETG 11 N 29","0",True,"002147501000096","31844216","0","417661","31200516","ENTREPRISE SE LIVRANT POUR SON COMPTE, AU PLACEMENT OU À LA GESTION DE VALEUR MOBILIÈRES, À DES OPÉRATIONS SUR LES VALEURS OU AU CONTRÔLE DES SOCIÉTÉS",1,"2018-11-23","1100000","100",1,NULL,NULL,"files/customers/logo/abt_holding.jpg","CASABLANCA","212","MAD",6,"212",NULL,NULL
"c3f67c01-ca92-4271-863f-db974779aab8","ORDER TO CASH","NEARSHORE PARK 1100 BD AL QODS SHORE III PLATEAU 101 SIDI MAAROUF","0",True,"000081725000078","40230704","8566955","225661","36190938","INGENIEUR-CONSEIL ",1,"2010-09-16","0","300",0,NULL,NULL,"files/customers/logo/order_to_cash.jpg","CASABLANCA","212","MAD",4,"212",NULL,NULL
"c4c04c8f-11d0-401f-99f8-fbd654eae724","KOGIMED","119 BD ABDELMOUMEN N 15 ETG 2","0",True,"002781872000048","50159115","2506724","496979","36341341","INFORMATIQUE (PROGRAMMEUR, ANALYSTE, CONCEPTEUR EN).",1,"2021-03-25","10000","100",1,NULL,NULL,"files/customers/logo/kogimed.jpg","CASABLANCA","212","MAD",6,"212",NULL,NULL
"c71ce8e8-f43f-401f-bed4-64cce3772276","INES CALL CENTER ","QUARTIER BOURGOGNE RUE REGRAGA RES LA CORNICHE APP 1 RDC IMM 2","0",True,"001749144000084","18787171","4940715","353469","354991871","EXPLOITANT CENTRE D APPEL",1,"2016-06-15","0","100",0,NULL,NULL,"files/customers/logo/ines_call_center_.jpg","CASABLANCA","212","MAD",5,"212",NULL,NULL
"c73ece08-86c2-4f2a-b934-2e17552c7bd3","TARGET COURTAGE","119 BD ABDELMOUMEN N 15 ETG 2","0",True,"002782086000090","50179862","0","498817","36300706","COURTAGE ET INTERMEDIATION EN ASSURANCES",1,"2021-04-07","0","100",1,NULL,NULL,"files/customers/logo/target_courtage.jpg","CASABLANCA","212","MAD",8,"212",NULL,NULL
"c7f2ce82-867e-4803-afd3-f25402bd6724","MINCATEC ENGINEERING SERVICES","RUE SOUMAYA RESIDENCE SHEHRAZADE3 SEME ETAGE N°22 PALMIERS","0",True,"002179263000002","31874292","1306678","421043","34776742","INGENIERIE ETUDES TECHNIQUES CONSEIL DE GESTION",1,"2018-12-13","100000","100",1,NULL,NULL,"files/customers/logo/mincatec.jpg","CASABLANCA","212","MAD",6,"212",NULL,NULL
"c849cc1c-6c4e-477e-afab-5c2d50023148","UFINEM","LOT 141 SONE INDUSTRIELLE OULED SALEH","0",True,"000028598000071","1106798","7590880","169731","72000221","IMPORT EXPORT TRAVAIL DES METAUX",1,"2013-01-01","350000","100",1,NULL,NULL,"files/customers/logo/ufinem.jpg","CASABLANCA","212","MAD",6,"212",NULL,NULL
"ca04fd90-7da0-4ab5-a7ea-4c1c2d14c098","C BIS. COM","ANGLE BD BRAHIM ROUDANI ET RUE ABOU SALT ANDALOUSSI","0",True,"001581583000054","1107960","7718705","177329","","LA CREATION, LA GESTION, L EXPLOITATION, LA LOCATION ET LA MISE A DISPOSITION DES CENTRES D APPELS TELEPHONIQUES",1,"2008-02-12","390000","100",1,NULL,NULL,"files/customers/logo/cbiscom.jpg","CASABLANCA","212","MAD",4,"212",NULL,NULL
"ca8b5b0d-e9db-4be6-ae72-6125d8ace7fd","RIHANI AHMED BE MAC","RUE SOUMAYA RESIDENCE SHEHRAZADE3 SEME ETAGE N°22 PALMIERS","0",True,"002201290000077","31899633","0","435180","34700729","CONSEIL EN INVESTISSEMENT ET SERVICE A L EXPORT",1,"2018-12-12","0","0",0,NULL,NULL,"files/customers/logo/rihani_ahmed_be_mac.jpg","CASABLANCA","212","MAD",3,"212",NULL,NULL
"ca969645-3eaa-4236-b977-e812ac706df7","AUDIT MAYA","RUE SOU MA Y A RESIDENCE SHEHRAZADE3 SEME ETAGE N°22 PALMIERS","0",True,"002140160000035","26124639","0","433384","34700557","AUDIT ET CONCEPTION DE SYSTEME D INFORMATION",1,"2018-08-31","0","0",0,NULL,NULL,"files/customers/logo/audit_maya.jpg","CASABLANCA","212","MAD",3,"212",NULL,NULL
"ccb0ba4f-cd00-47ca-9a24-96ff675f0d05","NEONN ADVISORY MOROCCO","15, Rue Abou Al Abbas Résidence Saida 2ème Etage N°10 Bourgogne ","0",True,"001599118000066","15217303","4313805","318245","35696827","CONSEIL  DE GESTION",1,"2015-01-22","100000","100",1,NULL,NULL,"files/customers/logo/neonn.jpg","CASABLANCA","212","MAD",5,"212",NULL,NULL
"cdfed486-99b3-472d-9787-4cbe72d8102d","AUTO ECOLE SAIDI","PROJET SAFAAA LOT IZDIHAR I3 N° 5 ET L2 N°5 BOUSKOURA","0",True,"002367699000074","42781649","5724407","467169","32901333","ECOLE POUR LA CONDUITE DES AUTOMOBILES",1,"2018-07-01","240000","100",1,NULL,NULL,"files/customers/logo/auto_ecole_saidi.jpg","CASABLANCA","212","MAD",6,"212",NULL,NULL
"cee5f97a-2c12-4166-8ade-88756a078b62","PRECINOV","LOT N 216 PARC INDUSTRIEL SAPINO NOUACEUR","0",True,"002371289000047","39466701","1855289","452185","32060139","CONSTRUCTIONS MÉTALLIQUES (ENTREPRENEUR DE).",1,"2019-12-26","10000","100",1,NULL,NULL,"files/customers/logo/precinov.jpg","CASABLANCA","212","MAD",6,"212",NULL,NULL
"d1a82cec-e5c0-4f12-9e21-8ecfa22ab127","FUTURMATEX","RUE SOU MA Y A RESIDENCE SHEHRAZADE3 SEME ETAGE N°22 PALMIERS","0",True,"001992371000049","24953495","0","390751","34776196","Textile et habillement, Import export et Fabrication-négoce",11,"2017-11-23","10000","100",0,NULL,NULL,"files/customers/logo/futurmatex.jpg","CASABLANCA","212","MAD",5,"212",NULL,NULL
"d45636c6-7a75-4684-9fcc-ffbbd3f5e0a9","EOL ICT","RUE SOUMAYA RESIDENCE SHEHRAZADE 3, SEME ETAGE, N° 22 PALMIERS","0",True,"001819684000002","20744449","5396470","370953","","CENTRE D APPELS TELEPHONIQUES( CALL CENTER) (EXPLOITANT).",1,"2017-03-02","500000","100",1,NULL,NULL,"files/customers/logo/eol_ict.jpg","CASABLANCA","212","MAD",6,"212",NULL,NULL
"d575a671-51ee-4571-b5f8-7b3a2dea8290","BOTTICELLI SERVICES SUCCURSALE","N°35 LOTISSEMENT ZAHRE 01 SIDI MAAROUF","0",True,"001949953000056","24958223","0","390677","37998274","Centre d appels téléphonique",1,"2017-11-16","0","0",1,NULL,NULL,"files/customers/logo/botticelli_services_succursale.jpg","CASABLANCA","212","MAD",8,"212",NULL,NULL
"d5f51a89-5063-42b0-b0c1-91751361c454","DIGICODING","119 BD ABDELMOUMEN ETAGE 3 APT  N 20","0",True,"002358455000081","39411651","1306680","449713","36340261","INFORMATIQUE (PROGRAMMEUR, ANALYSTE, CONCEPTEUR EN).",10,"2019-11-29","10000","100",1,NULL,NULL,"files/customers/logo/digicoding.jpg","CASABLANCA","212","MAD",6,"212",NULL,NULL
"d9cc16a8-41e1-4c12-b86d-41dc6fbcc11a","INNOVDATA PP","RUE SOUMAYA RES SHEHRAZAD 3, 5ÈME ÉTAGE N°22 PALMIERS","0",True,"001749744000083","18807032","0","424002","34711110","prestation de service",1,"2016-07-27","0","0",0,NULL,NULL,"files/customers/logo/innovdata_pp.jpg","CASABLANCA","212","MAD",3,"212",NULL,NULL
"da3130b5-f3fd-4a4d-b861-5c5e095454fc","TOP FOODIES","LOT ALAIMOUNE LISSASFA ","0",True,"001818384000085","20749208","5418331","371575","36291859","EXPLOITANT DE RESTAURANT, TENANT UN SALON DE THE, TRAITEUR",1,"2017-03-03","30000","100",1,NULL,NULL,"files/customers/logo/top_foodies.jpg","CASABLANCA","212","MAD",5,"212",NULL,NULL
"dac5919e-1efa-4916-a7aa-0b8170f3c04b","LOGIVALOR","77 BD AL QODS SIDI MAAROUF","0",True,"001954770000074","24822107","0","381543","36168118","PROMOTION IMMOBILIERE",6,"2017-07-20","10000","100",1,NULL,NULL,"files/customers/logo/logivalor.jpg","CASABLANCA","212","MAD",5,"212",NULL,NULL
"dd5abe7b-cf0d-4113-8c18-6d08db3dae94","DIGITALENTRH","119 BD ABDELMOUMEN ETAGE 3 APT  N 20","0",True,"002375829000075","39453439","0","451351","36340341","INFORMATIQUE (PROGRAMMEUR, ANALYSTE, CONCEPTEUR EN).",1,"2019-12-19","100000","100",1,NULL,NULL,"files/customers/logo/digitalentrh.jpg","CASABLANCA","212","MAD",6,"212",NULL,NULL
"ddbc4328-74f7-4fcf-8957-2fb3a59458ef","VALORIPRO IMMOBILIER","RUE SOUMAYA RESIDENCE SHEHRAZADE 3 ETAGE 5 N 22","0",True,"002312822000078","37658788","0","441877","34777194","IMMEUBLES PROMOTEUR IMMOBILIER",1,"2019-08-30","100000","100",1,NULL,NULL,"files/customers/logo/valoripro_immobilier.jpg","CASABLANCA","212","MAD",6,"212",NULL,NULL
"ddfe1301-75fb-40ee-9edf-bf6d748ce607","ADVALINK","119 BD ABDELMOUMEN ETAGE 3 APT  N 20","0",True,"002375862000057","39453418","1850354","451345","36340333","PUBLICITÉ  (ENTREPRENEUR OU TENANT UNE AGENCE DE) OCCUPANT AU MOINS UN  EMPLOYÉ.",1,"2019-12-19","10000","100",1,NULL,NULL,"files/customers/logo/advalink.jpg","CASABLANCA","212","MAD",6,"212",NULL,NULL
"de95680c-e51c-42e3-93f4-36766c9df390","PROXILOG - MECHETY PP","207, BD LA RÉSISTANCE; ÉTAGE 7 BUREAU N° 14 - ","0",True,"001654213000093","15202857","0","415700","34450120","DEVELOPPEMENT INFORMATIQUE",1,"2014-11-13","0","100",0,NULL,NULL,"files/customers/logo/proxilog_-_mechety_pp.jpg","CASABLANCA","212","MAD",3,"212",NULL,NULL
"e0879fef-c495-40b7-a5d4-06f1cd6ddc75","UMANIS ACADEMY","RUE SOUMAYA RESIDENCE SHEHRAZADE 3 5 EME ETAGE PALMIERS N°22 ","0",True,"001643815000024","15233860","4316784","320691","34771243","CONSEIL DE GESTION",1,"2015-02-26","0","100",0,NULL,NULL,"files/customers/logo/umanis_academy.jpg","CASABLANCA","212","MAD",5,"212",NULL,NULL
"e2b3880e-6eff-46a1-aca9-4e77eb3a9048","ZEN WAY","RUE SOUMAYA RES SHEHRAZAD 3, 5ÈME ÉTAGE N°22 PALMIERS ","0",True,"001787661000062","20697885","0","362467","34774771","CONSEIL DE GESTION",10,"2016-11-07","10000","100",0,NULL,NULL,"files/customers/logo/zen_way.jpg","CASABLANCA","212","MAD",5,"212",NULL,NULL
"e3b74bce-8b29-4fa7-b71f-0f0ecf2294b5","R2COM","NIZAR 36  sise à BOULEVARD HASSAN II ","0",True,"002110401000077","26106445","1088636","409835","37991836","Publicité événements conseil",1,"2018-08-03","0","0",1,NULL,NULL,"files/customers/logo/r2com.jpg","CASABLANCA","212","MAD",8,"212",NULL,NULL
"e3d84893-b92f-47a3-a6bc-ce4b47eb70f4","SQUARE YARDS REAL ESTATE ","BEN MSIK IMMEUBLE 8, REZ DE CHAUSSEE ","0",True,"002074996000077","25291049","1011243","405473","37690193","PROMOTION IMMOBILIERE",1,"2018-06-04","0","100",0,NULL,NULL,"files/customers/logo/square.jpg","CASABLANCA","212","MAD",5,"212",NULL,NULL
"e50b979c-7eaf-47ec-9fc3-af25993bd06d","ABO INVEST","119 BD ABDELMOUMEN N 15 ETG 2","0",True,"002776433000043","50148123","0","495937","36341318","INFORMATIQUE (PROGRAMMEUR, ANALYSTE, CONCEPTEUR EN).",1,"2021-03-12","100000","100",1,NULL,NULL,"files/customers/logo/abo_invest.jpg","CASABLANCA","212","MAD",6,"212",NULL,NULL
"e665d369-577f-49da-96ff-eab432090fb4","IKANBI BPO","NEARSHORE SHORE24 PLATEAU 101 20270 SIDI MAAROUF","0",True,"002221750000072","33666578","1415237","425049","34776902","CENTRE D APPELS TELEPHONIQUES( CALL CENTER) (EXPLOITANT).",1,"2019-02-15","338700","100",1,NULL,NULL,"files/customers/logo/ikanbi.jpg","CASABLANCA","212","MAD",5,"212",NULL,NULL
"e81ac1db-ae08-42ba-80fe-b591a610e39d","UMANIS BPO","NEARSHORE PARK,1100 SHORE 21 BOULEVARD AL QODS SIDI MAAROUF","0",True,"000161336000004","14405977","9431032","274681","36167065","Prestation de services informatique (Expertise, développement, support technique)",1,"2013-02-11","1000000","100",1,NULL,NULL,"files/customers/logo/umanis_bpo.jpg","CASABLANCA","212","MAD",6,"212",NULL,NULL
"e88cdc99-e957-4e5c-94dc-1562049b3903","HUMANIA ITO MOROCCO","NEARSHORE PARK SHORE 2 PLATEAU 502 SIDI MAAROUF","0",True,"002619111000010","45979000","0","475749","36340854","INFORMATIQUE (PROGRAMMEUR, ANALYSTE, CONCEPTEUR EN).",1,"2020-09-21","100000","100",1,NULL,NULL,"files/customers/logo/humania_ito.jpg","CASABLANCA","212","MAD",6,"212",NULL,NULL
"e9c3d02c-a1ff-49d8-a960-5cfbd7a5e49b","MISTER DJAJ","RUE SOUMAYA RESIDENCE SHEHRAZADE 3 5 EME ETAGE PALMIERS N°22 ","0",True,"000110798000031","15254876","4482618","326451","34773491","MARCHAND EFFECTUANT IMPORT EXPORT",1,"2015-05-11","3500000","100",1,NULL,NULL,"files/customers/logo/misterdjaj.jpg","CASABLANCA","212","MAD",5,"212",NULL,NULL
"ea4175b3-68bc-4b1f-99e8-36dac1b3a6c7","LUTECEA","ZAHR 1 N 35 SIDI MAAROUF 20000","0",True,"002311565000067","37680742","1694124","443393","36101918","CENTRE D APPELS TELEPHONIQUES( CALL CENTER) (EXPLOITANT).",1,"2019-09-16","0","0",1,NULL,NULL,"files/customers/logo/lutecea.jpg","CASABLANCA","212","MAD",8,"212",NULL,NULL
"ed09551e-f019-4811-8732-565993447917","VO2 MAROC ","119 BD ABDELMOUMEN ETAGE 3 APT  N 20","0",True,"002380330000089","39465957","0","452009","36340373","INFORMATIQUE (PROGRAMMEUR, ANALYSTE, CONCEPTEUR EN).",1,"2019-12-26","10000","100",0,NULL,NULL,"files/customers/logo/vo2_maroc_.jpg","CASABLANCA","212","MAD",5,"212",NULL,NULL
"ed57fe3f-7913-42c5-8079-dbba62df261d","VEDEMIS CONSEIL","119 BD ABDELMOUMEN N 15 ETG 2","",True,"002871098000038","50363212","","511027","36341708","CONSEIL DE GESTION",1,"2021-07-01","0","0",1,NULL,NULL,"files/customers/logo/.jpg","CASABLANCA","212","MAD",6,"212",NULL,NULL
"ede247ce-b179-4d9c-9f42-d8faa3c71e51","BEYONDGOALS SOLUTIONS & CONSULTING","119, BD ABDELMOUMEN ETG3 PORTE N°20","0",True,"002334685000022","37731598","1704646","445819","36340159","CONSEIL DE GESTION",1,"2019-10-16","100000","100",1,NULL,NULL,"files/customers/logo/beyondgoals.jpg","CASABLANCA","212","MAD",6,"212",NULL,NULL
"ee151559-77c3-449f-9f0b-fbc1f373f322","LOGIT","119 BD ABDELMOUMEN ETAGE 3 APT  N 20","0",True,"002359288000094","39417577","2376525","450009","36340267","EXPORTATION DE SERVICES DEVELOPPEMENT INFORMATIQUE CONSEIL",10,"2019-12-03","10000","100",1,NULL,NULL,"files/customers/logo/logit.jpg","CASABLANCA","212","MAD",6,"212",NULL,NULL
"f15277ee-a764-4c36-a66f-fb61c96c6cd1","TPI","ZONE INDUSTRIELLE ATTASSNIA LOT N°2 TEMARA","0",True,"001685801000041","3342223","8763163","85725","28281966","SERVICES LIES A L OFSHORING",1,"2011-06-06","0","100",1,NULL,NULL,"files/customers/logo/tpi.jpg","TEMARA","212","MAD",8,"212",NULL,NULL
"f1712fd0-b1b7-4518-8691-3affcd999727","PWC SERVICES","NEARESHORE PARK   1100 BD AL QUODS  ","0",True,"001643771000048","40442645","8933675","247319","36191082","INGENIEUR CONSEIL",7,"2011-11-01","0","0",1,NULL,NULL,"files/customers/logo/pwc.jpg","CASABLANCA","212","MAD",8,"212",NULL,NULL
"f2a8ebf7-8363-490e-84ec-8d38ae25ddce","ABDESSEMED ADEL","77, BD AL QODS BELLE VUE SIDI MAAROUF","0",True,"001642278000007","14393093","8677140","435704","36100767","ARTISTE PEINTRE, MARCHAND EFFECTUANT IMPORT ET EXPORT",1,"2012-12-12","0","0",3,NULL,NULL,"files/customers/logo/abdessemed_adel.jpg","CASABLANCA","212","MAD",3,"212",NULL,NULL
"f446afb3-376e-483a-80c5-bce1cc187b31","BAUCE BRUNO","YACOUB EL MANSOUR RUE HAJ JILALI EL OUFIR RDC N°16 ","0",True,"001686197000019","15232559","4384963","322333","35892004","MARCHAND DE MATERIAUX DE CONSTRUCTION, MARCHAND IMPORTATEUR, NEGOCIANT",1,"2015-03-17","0","100",0,NULL,NULL,"files/customers/logo/bauce_bruno.jpg","CASABLANCA","212","MAD",5,"212",NULL,NULL
"f7273d97-4035-41d9-b853-31c038b4067d","PROESSENTIALS","119 BD ABDELMOUMEN ETAGE 2 APT  N 15","0",True,"002692028000060","47347855","0","484757","36341023","CENTRE D APPELS TELEPHONIQUES( CALL CENTER) (EXPLOITANT).",1,"2020-12-18","10000","100",1,NULL,NULL,"files/customers/logo/proessentials.jpg","CASABLANCA","212","MAD",6,"212",NULL,NULL
"f98d0dd1-4998-4bc5-a6e6-385bbac708af","ARJI FATIMA PP","45 BD AL MANSOUR ADDAHBI","0",True,"","34501100","6186408","417250","34740572","PROMOTEUR IMMOBILIER",1,"2015-02-20","0","0",1,NULL,NULL,"files/customers/logo/arji_fatima_pp.jpg","RABAT","212","MAD",3,"212",NULL,NULL
"fa805931-1e3a-43f9-83ec-212a8e5327b5","ABSOLUTLINK","42 BD ABDELMOUMEN ETG 2 APPT N°13","0",True,"002365307000056","39427994","0","450487","34777317","CENTRE D APPELS TELEPHONIQUES( CALL CENTER) (EXPLOITANT).",10,"2019-12-06","10000","100",1,NULL,NULL,"files/customers/logo/absolutlink.jpg","CASABLANCA","212","MAD",5,"212",NULL,NULL
"fa99eee8-fb86-43d8-8091-449d2f32158b","PHONESUPPORT","RUE SOUMAYA RES SHEHRAZAD 3, 5ÈME ÉTAGE N°22 PALMIERS ","0",True,"000258200000087","15278619","4592277","333943","34773789","CENTRE D APPEL, BPO, IMPORTATION ET EXPORTATION",1,"2015-09-09","12000","100",0,NULL,NULL,"files/customers/logo/phonesupport.jpg","CASABLANCA","212","MAD",5,"212",NULL,NULL
"fbdc68fd-b08c-476d-91a8-265ef1253ff7","CITYGC","162 ANG BD D ANFA ET RUE MOLIERE","0",True,"002353684000082","39484014","1899433","455059","35602843","BUREAU D ETUDES, D ENQUETES ET DE RECHERCHES (TENANT UN)",1,"2020-01-07","300000","300",1,NULL,NULL,"files/customers/logo/citygc.jpg","CASABLANCA","212","MAD",4,"212",NULL,NULL
